,WikidataID,authorid,full_name,wd_hos_Litteraturbanken,authorid_norm,show,updated,imported,librisid,WD_Litteraturbanken
2357,,KrusenstjernaF,Fredrik von Krusenstjerna,,KrusenstjernaF,True,2021-03-01,2021-03-01,jgvx1wf2428f6dm,Litterturbanken_only
2362,,LiefdeJ,Jan de Liefde,,LiefdeJ,True,2021-03-01,2021-03-01,,Litterturbanken_only
2361,,LangeP,Pehr Lange,,LangeP,True,2021-03-01,2021-03-01,,Litterturbanken_only
2360,,JohansonPJ,Per Johan Johanson,,JohansonPJ,True,2021-03-01,2021-03-01,xv8bf42g350hzm6,Litterturbanken_only
2359,,NaumannM,Mathilda Naumann,,NaumannM,True,2021-03-01,2021-03-01,dbqsnv4x4wxvz1x,Litterturbanken_only
2358,,KemnerGW,Gustaf Wilhelm Kemner,,KemnerGW,True,2021-03-01,2021-03-01,,Litterturbanken_only
2364,,LienhardtA,August Lienhardt,,LienhardtA,True,2021-03-01,2021-03-01,,Litterturbanken_only
2356,,KrookHS,Herman Salomon Krook,,KrookHS,True,2021-03-01,2021-03-01,86lnjb5s0tl09gn,Litterturbanken_only
2355,,KronaO,Ola Krona,,KronaO,True,2021-03-01,2021-03-01,,Litterturbanken_only
2354,,KeyG,Gustaf Key,,KeyG,True,2021-03-01,2021-03-01,,Litterturbanken_only
2353,,KollanderPM,Per M. Kollander,,KollanderPM,True,2021-03-01,2021-03-01,sq462trb09lxljn,Litterturbanken_only
2352,,KarlXV,"Karl XV, kung av Sverige",,KarlXV,True,2021-03-01,2021-03-01,53hkllwp3l51gpr,Litterturbanken_only
2363,,HolmgrenJN,Johan Niclas Holmgren,,HolmgrenJN,True,2021-03-01,2021-03-01,2dvq5dd40d3fdzkp,Litterturbanken_only
2809,,Anonym,Anonym,,Anonym,True,2021-03-01,2007-06-18,,Litterturbanken_only
2378,,GråberghO,Otto Gråbergh,,GraberghO,True,2021-03-01,2021-03-01,,Litterturbanken_only
2370,,LindgrenM,Martin Lindgren,,LindgrenM,True,2021-03-01,2021-03-01,wt7bffwf4jhvk63,Litterturbanken_only
2376,,MartinssonH,Herman Martinsson,,MartinssonH,True,2021-03-01,2021-03-01,fcrvz1qz4b67g0w,Litterturbanken_only
2375,,GullbrandssenE,Emilia Gullbrandssen,,GullbrandssenE,True,2021-03-01,2021-03-01,gdsvz8p012q7xv1,Litterturbanken_only
2374,,MartinCR,Carl Roland Martin,,MartinCR,True,2021-03-01,2021-03-01,jgvz24r20k1fqlb,Litterturbanken_only
2373,,GustafssonR,Richard Gustafsson,,GustafssonR,True,2021-03-01,2021-03-01,75kmph9r1bvds13,Litterturbanken_only
2372,,MankellJ,Julius Mankell,,MankellJ,True,2021-03-01,2021-03-01,fcrtvpmz5l0f222,Litterturbanken_only
2371,,MalmströmI,Ingeborg Malmström,,MalmstromI,True,2021-03-01,2021-03-01,20dgbbrl59rq60r,Litterturbanken_only
2369,,GyldénBS,Beata Sofia Gyldén,,GyldenBS,True,2021-03-01,2021-03-01,xv8bd13g5s0cb5d,Litterturbanken_only
2368,,MalmgrenT,Thure Malmgren,,MalmgrenT,True,2021-03-01,2021-03-01,,Litterturbanken_only
2367,,MattssonS,Sven Mattsson,,MattssonS,True,2021-03-01,2021-03-01,97mqtwpt40g1zwl,Litterturbanken_only
2366,,LagervallGF,Gustaf Fredrik Lagervall,,LagervallGF,True,2021-03-01,2021-03-01,86lnrpts3v9jsbq,Litterturbanken_only
2365,,LambergA,Adalbert Lamberg,,LambergA,True,2021-03-01,2021-03-01,,Litterturbanken_only
2351,,KullgrenKE,Karl E. Kullgren,,KullgrenKE,True,2021-03-01,2021-03-01,nl0251p655z718r,Litterturbanken_only
2350,,JohanssonJohannes,Johannes Johansson,,JohanssonJohannes,True,2021-03-01,2021-03-01,20dhlfxl2tx3prk,Litterturbanken_only
2349,,LandebergNJ,N. J. Landeberg,,LandebergNJ,True,2021-03-01,2021-03-01,,Litterturbanken_only
2333,,LindmanEM,Elof M. Lindman,,LindmanEM,True,2021-03-01,2021-03-01,,Litterturbanken_only
2332,,LindhT,Theodor Lindh,,LindhT,True,2021-03-01,2021-03-01,1zcgkk3k18sw0fv,Litterturbanken_only
2331,,LundeblomR,Richard Lundeblom,,LundeblomR,True,2021-03-01,2021-03-01,zw9c759h1zr7wmv,Litterturbanken_only
2330,,LundgrenElam,Elam Lundgren,,LundgrenElam,True,2021-03-01,2021-03-01,,Litterturbanken_only
2329,,LönnbeckGF,Gustaf Ferdinand Lönnbeck,,LonnbeckGF,True,2021-03-01,2021-03-01,,Litterturbanken_only
2348,,JohanssonStrickert,Strickert Johansson,,JohanssonStrickert,True,2021-03-01,2021-03-01,,Litterturbanken_only
2328,,LundinAnders,Anders Lundin,,LundinAnders,True,2021-03-01,2021-03-01,,Litterturbanken_only
2327,,LöhmanLV,Lars Vilhelm Löhman,,LohmanLV,True,2021-03-01,2021-03-01,fcrvzffz5t6dw4z,Litterturbanken_only
2326,,HagbergFT,Fredrik Theodor Hagberg,,HagbergFT,True,2021-03-01,2021-03-01,qn246t681k7ct76,Litterturbanken_only
2325,,HagforsJF,Johan Fridolf Hagfors,,HagforsJF,True,2021-03-01,2021-03-01,b8nqrljv28z6jnr,Litterturbanken_only
2324,,HagströmPA,Per Adolf Hagström,,HagstromPA,True,2021-03-01,2021-03-01,rp357wl90p30g02,Litterturbanken_only
2334,,LindquistJL,Johan Leonard Lindquist,,LindquistJL,True,2021-03-01,2021-03-01,75knrrnr4p8qqdh,Litterturbanken_only
2335,,HenricssonJAW,John August Wilhelm Henricsson,,HenricssonJAW,True,2021-03-01,2021-03-01,,Litterturbanken_only
2336,,LindströmI,Inez Lindström,,LindstromI,True,2021-03-01,2021-03-01,97mqtcct01fnl36,Litterturbanken_only
2337,,LipmansonL,Leopold Lipmanson,,LipmansonL,True,2021-03-01,2021-03-01,,Litterturbanken_only
2338,,LithanderJG,Johan Georg Lithander,,LithanderJG,True,2021-03-01,2021-03-01,86lpst2s3hj1v1p,Litterturbanken_only
2339,,LjungbergEdvard,Edvard Ljungberg,,LjungbergEdvard,True,2021-03-01,2021-03-01,,Litterturbanken_only
2340,,LjunggrenCA,C. Aug. Ljunggren,,LjunggrenCA,True,2021-03-01,2021-03-01,,Litterturbanken_only
2341,,LjungqvistKO,K. O. Ljungqvist,,LjungqvistKO,True,2021-03-01,2021-03-01,,Litterturbanken_only
2342,,GällstedtPJ,Per Johan Gällstedt,,GallstedtPJ,True,2021-03-01,2021-03-01,,Litterturbanken_only
2343,,MallénEE,Elias Emanuel Mallén,,MallenEE,True,2021-03-01,2021-03-01,,Litterturbanken_only
2344,,MalmG,Gustaf Malm,,MalmG,True,2021-03-01,2021-03-01,,Litterturbanken_only
2345,,GyllenhaalM,Mathilda Gyllenhaal,,GyllenhaalM,True,2021-03-01,2021-03-01,ljx030j41d0zf20,Litterturbanken_only
2346,,JohnsonCF,Charles Fredrick Johnson,,JohnsonCF,True,2021-03-01,2021-03-01,,Litterturbanken_only
2347,,JohanssonDickensSJJ,Sven Johan Julius Johansson-Dickens,,JohanssonDickensSJJ,True,2021-03-01,2021-03-01,,Litterturbanken_only
2377,,GrönstrandET,E. Th. Grönstrand,,GronstrandET,True,2021-03-01,2021-03-01,,Litterturbanken_only
2322,,LysanderAT,Albert Theodor Lysander,,LysanderAT,True,2021-03-01,2021-03-01,64jlmdrq4nwmvp8,Litterturbanken_only
2414,,WikingCA,C. A. Wiking,,WikingCA,True,2021-03-01,2021-03-01,75knrn0r5lkqdtx,Litterturbanken_only
2419,,BjörkC,Charlotte Björk,,BjorkC,True,2021-03-01,2021-03-01,53hlp74p0ngtr7k,Litterturbanken_only
2418,,BergmanDF,Daniel Fredrik Bergman,,BergmanDF,True,2021-03-01,2021-03-01,mxwsqbkjk7c1kj62,Litterturbanken_only
2417,,AlmkvistJA,Johan Alfred Almkvist,,AlmkvistJA,True,2021-03-01,2021-03-01,nl0378n62fhjqxx,Litterturbanken_only
2416,,ÖdbergPI,Pehr Ivar Ödberg,,OdbergPI,True,2021-03-01,2021-03-01,53hlqpkp0zxjrx4,Litterturbanken_only
2415,,ÖhlinCG,Carl Gustaf Öhlin,,OhlinCG,True,2021-03-01,2021-03-01,tr58ddfc2bb84f2,Litterturbanken_only
2413,,TibellCC,Charlotta Cecilia af Tibell,,TibellCC,True,2021-03-01,2021-03-01,khw048l322sn23x,Litterturbanken_only
2412,,ÅkerhielmG,Gustaf Åkerhielm,,AkerhielmG,True,2021-03-01,2021-03-01,jgvz21t24rs6ggr,Litterturbanken_only
2411,,BjurströmG,Gustaf Bjurström,,BjurstromG,True,2021-03-01,2021-03-01,ljx0tmv40999t1z,Litterturbanken_only
2410,,TengbergA,Alexis Tengberg,,TengbergA,True,2021-03-01,2021-03-01,,Litterturbanken_only
2409,,AhlbergAVH,Axel Viktor Heribert Ahlberg,,AhlbergAVH,True,2021-03-01,2021-03-01,,Litterturbanken_only
2408,,AhlbergL,Ludvig Ahlberg,,AhlbergL,True,2021-03-01,2021-03-01,,Litterturbanken_only
2407,,AhlbomM,Mathilda Ahlbom,,AhlbomM,True,2021-03-01,2021-03-01,86lnhzfs1054pzr,Litterturbanken_only
2420,,BlomgrenJC,Joseph C. Blomgren,,BlomgrenJC,True,2021-03-01,2021-03-01,khwz18m35936xj3,Litterturbanken_only
2421,,BrandtGJW,G. J. W. Brandt,,BrandtGJW,True,2021-03-01,2021-03-01,,Litterturbanken_only
2422,,AhnfeltPG,Paul Gabriel Ahnfelt,,AhnfeltPG,True,2021-03-01,2021-03-01,hftx2c212krz8p4,Litterturbanken_only
2423,,WörlundA,Augusta Wörlund,,WorlundA,True,2021-03-01,2021-03-01,,Litterturbanken_only
2424,,AlfthanJ,Johannes Alfthan,,AlfthanJ,True,2021-03-01,2021-03-01,ljx144g42p8bzdl,Litterturbanken_only
2425,,BergstedtAEM,Anna Elisabet Matilda Bergstedt,,BergstedtAEM,True,2021-03-01,2021-03-01,,Litterturbanken_only
2426,,BjörklundU,Ulrik Björklund,,BjorklundU,True,2021-03-01,2021-03-01,,Litterturbanken_only
2427,,AlthénG,Gustaf Althén,,AlthenG,True,2021-03-01,2021-03-01,,Litterturbanken_only
2428,,AlménJAA,Johan Aron Andersson Almén,,AlmenJAA,True,2021-03-01,2021-03-01,,Litterturbanken_only
2429,,BerglundV,Victoria Berglund,,BerglundV,True,2021-03-01,2021-03-01,tr572t2c5mq78c4,Litterturbanken_only
2430,,TersmedenM,Minna Tersmeden,,TersmedenM,True,2021-03-01,2021-03-01,,Litterturbanken_only
2431,,StenborgGG,Gustaf Göran Stenborg,,StenborgGG,True,2021-03-01,2021-03-01,1zcfhd4k1x5nv45,Litterturbanken_only
2432,,BjörklundCP,Carl Peter Björklund,,BjorklundCP,True,2021-03-01,2021-03-01,,Litterturbanken_only
2433,,AlmquistCA,C. A. Almquist,,AlmquistCA,True,2021-03-01,2021-03-01,,Litterturbanken_only
2405,,AhlgrenssonF,Fritz Ahlgrensson,,AhlgrenssonF,True,2021-03-01,2021-03-01,,Litterturbanken_only
2379,,MalmströmKR,Karl Robert Malmström,,MalmstromKR,True,2021-03-01,2021-03-01,,Litterturbanken_only
2387,,JuringiusJP,Johan Paul Juringius,,JuringiusJP,True,2021-03-01,2021-03-01,zw9cg9hh413fwpw,Litterturbanken_only
2386,,JuringiusSM,Sofia Maria Juringius,,JuringiusSM,True,2021-03-01,2021-03-01,sq462q0b45s9q2t,Litterturbanken_only
2385,,JäderinA,Axel Jäderin,,JaderinA,True,2021-03-01,2021-03-01,,Litterturbanken_only
2384,,LagerhjelmA,Agnes Lagerhjelm,,LagerhjelmA,True,2021-03-01,2021-03-01,,Litterturbanken_only
2383,,KahlsonG,Gustaf Kahlson,,KahlsonG,True,2021-03-01,2021-03-01,,Litterturbanken_only
2404,,BjörckJH,Johan Henrik Björck,,BjorckJH,True,2021-03-01,2021-03-01,,Litterturbanken_only
2382,,HesslingCF,Carl Fredrik Hessling,,HesslingCF,True,2021-03-01,2021-03-01,wt79c52f5ldjkh3,Litterturbanken_only
2381,,HerslowGA,G. A. Herslow,,HerslowGA,True,2021-03-01,2021-03-01,,Litterturbanken_only
2380,,LagermanJ,J. Lagerman,,LagermanJ,True,2021-03-01,2021-03-01,,Litterturbanken_only
2388,,JunghansS,Sofie Junghans,,JunghansS,True,2021-03-01,2021-03-01,,Litterturbanken_only
2389,,JuhlerCA,Charlotta Amalia Juhler,,JuhlerCA,True,2021-03-01,2021-03-01,,Litterturbanken_only
2390,,LagerlöwE,Emil Lagerlöw,,LagerlowE,True,2021-03-01,2021-03-01,,Litterturbanken_only
2391,,HallinAH,Anders Herman Hallin,,HallinAH,True,2021-03-01,2021-03-01,gdsvxlq02qcglk5,Litterturbanken_only
2392,,HallmanA,Axel Hallman,,HallmanA,True,2021-03-01,2021-03-01,,Litterturbanken_only
2393,,LundströmI,Isidor Lundström,,LundstromI,True,2021-03-01,2021-03-01,31fjmqkm26g4x7s,Litterturbanken_only
2394,,WallénNJ,Nils Jacob Wallén,,WallenNJ,True,2021-03-01,2021-03-01,53hlpgvp5qkftw0,Litterturbanken_only
2395,,BerndtssonE,Erik Berndtsson,,BerndtssonE,True,2021-03-01,2021-03-01,,Litterturbanken_only
2396,,SöderströmCEA,Carl Emil August Söderström,,SoderstromCEA,True,2021-03-01,2021-03-01,c9pswkvw2pzxbn2,Litterturbanken_only
2397,,BibergJF,Jacob Fredrik Biberg,,BibergJF,True,2021-03-01,2021-03-01,86lnq25s4wsbltk,Litterturbanken_only
2398,,BillingLT,Lars Theodor Billing,,BillingLT,True,2021-03-01,2021-03-01,,Litterturbanken_only
2399,,BerndtsonC,Charlotta Berndtson,,BerndtsonC,True,2021-03-01,2021-03-01,khwz16132rtn9kh,Litterturbanken_only
2400,,BergstrandPE,Per Emanuel Bergstrand,,BergstrandPE,True,2021-03-01,2021-03-01,sq461s4b4p31gmq,Litterturbanken_only
2401,,ÖbergE,Emil Öberg,,ObergE,True,2021-03-01,2021-03-01,xv8chg2g12624t3,Litterturbanken_only
2402,,AfzeliusAJ,Anders Johan Afzelius,,AfzeliusAJ,True,2021-03-01,2021-03-01,vs6895cd54hmhjz,Litterturbanken_only
2403,,BothénG,Gustaf Bothén,,BothenG,True,2021-03-01,2021-03-01,0xbdgb3j3jfph3m,Litterturbanken_only
2323,,LysanderO,Olof Lysander,,LysanderO,True,2021-03-01,2021-03-01,rp369nl94jf4vqh,Litterturbanken_only
2321,,HallenborgECFFL,Eleonora Charlotta Filippina Fredrika Lovisa Hallenborg,,HallenborgECFFL,True,2021-03-01,2021-03-01,,Litterturbanken_only
2435,,BjörckT,Theodor Björck,,BjorckT,True,2021-03-01,2021-03-01,gdsvx4g035fw7q4,Litterturbanken_only
2320,,HallgrénG,Gustaf Hallgrén,,HallgrenG,True,2021-03-01,2021-03-01,fcrtwknz0tzkcs8,Litterturbanken_only
2298,,HasselbergS,Sofia Hasselberg,,HasselbergS,True,2021-03-01,2021-03-01,,Litterturbanken_only
2303,,MeyerG,Gustaf Meyer,,MeyerG,True,2021-03-01,2021-03-01,xv8bft9g1rdfznt,Litterturbanken_only
2302,,GötbergR,Reinhold Götberg,,GotbergR,True,2021-03-01,2021-03-01,,Litterturbanken_only
2301,,LönnbergM,Mathilda Lönnberg,,LonnbergM,True,2021-03-01,2021-03-01,,Litterturbanken_only
2300,,HackzellE,Emilie Hackzell,,HackzellE,True,2021-03-01,2021-03-01,,Litterturbanken_only
2299,,LundequistS,Sophie Lundequist,,LundequistS,True,2021-03-01,2021-03-01,1zcgkllk320v5s2,Litterturbanken_only
2297,,HazeliusA,Artur Hazelius,,HazeliusA,True,2021-03-01,2021-03-01,tr5783sc4n98v9q,Litterturbanken_only
2304,,MeyerPJ,Philipp Joel Meyer,,MeyerPJ,True,2021-03-01,2021-03-01,,Litterturbanken_only
2305,,GoveniusLJ,Lars Johan Govenius,,GoveniusLJ,True,2021-03-01,2021-03-01,rp351df947k8x52,Litterturbanken_only
2306,,ModinJE,Johan Engelbrekt Modin,,ModinJE,True,2021-03-01,2021-03-01,86lnjnvs5p6p074,Litterturbanken_only
2307,,MunckRosenschöldNR,Nils Rudolf Munck af Rosenschöld,,MunckRosenscholdNR,True,2021-03-01,2021-03-01,53hlpsnp4g1lzw6,Litterturbanken_only
2308,,GetheC,Carl Gethe,,GetheC,True,2021-03-01,2021-03-01,,Litterturbanken_only
2309,,MöllerF,Fredrika Möller,,MollerF,True,2021-03-01,2021-03-01,dbqtx22x09kc2wt,Litterturbanken_only
2310,,GestrinM,Mathilda Gestrin,,GestrinM,True,2021-03-01,2021-03-01,1zcf9lhk06rts9p,Litterturbanken_only
2311,,MöllerP,Peter von Möller,,MollerP,True,2021-03-01,2021-03-01,fcrvz33z2ssgs8p,Litterturbanken_only
2312,,MörnerHV,Hampus Vilhelm Mörner,,MornerHV,True,2021-03-01,2021-03-01,sq47bgnb2npvl2v,Litterturbanken_only
2313,,MörnerJCA,Johanna Christina Anna Mörner,,MornerJCA,True,2021-03-01,2021-03-01,b8nqkrzv3gmx88r,Litterturbanken_only
2314,,MörtengrenF,Frans Mörtengren,,MortengrenF,True,2021-03-01,2021-03-01,nl036bm61xwn1rz,Litterturbanken_only
2315,,GravalliusW,Wilhelmina Gravallius,,GravalliusW,True,2021-03-01,2021-03-01,75kmppzr0d3n4rw,Litterturbanken_only
2316,,MallanderGR,Gustaf Richard Mallander,,MallanderGR,True,2021-03-01,2021-03-01,53hkffsp4sx5gvj,Litterturbanken_only
2317,,HasselqvistKG,Karl Gustaf Hasselqvist,,HasselqvistKG,True,2021-03-01,2021-03-01,,Litterturbanken_only
2318,,HolmbergF,Fredrik Holmberg,,HolmbergF,True,2021-03-01,2021-03-01,wt79c6hf2mq4jbg,Litterturbanken_only
2319,,HedlundSA,S. A. Hedlund,,HedlundSA,True,2021-03-01,2021-03-01,hftw01v10zgt22v,Litterturbanken_only
2434,,StenbergEO,Elis Oscar Stenberg,,StenbergEO,True,2021-03-01,2021-03-01,,Litterturbanken_only
2406,,TenggrenJF,Johan Fredrik Tenggren,,TenggrenJF,True,2021-03-01,2021-03-01,31fjmb0m3brw3pk,Litterturbanken_only
2436,,BerggrenA,August Berggren,,BerggrenA,True,2021-03-01,2021-03-01,,Litterturbanken_only
2576,,EggeOD,Oscar David Egge,,EggeOD,True,2021-03-01,2021-03-01,tr579r5c2wv0h6t,Litterturbanken_only
2565,,DalmanH,Hilda Dalman,,DalmanH,True,2021-03-01,2021-03-01,,Litterturbanken_only
2566,,LeczinskySSS,Sigismund Septimus Stanislaus Leczinsky,,LeczinskySSS,True,2021-03-01,2021-03-01,gdsvzx103p3ddqs,Litterturbanken_only
2567,,HögströmE,Erik Högström,,HogstromE,True,2021-03-01,2021-03-01,1zcfhc9k3bsm5qc,Litterturbanken_only
2437,,BeckmanE,Ernst Beckman,,BeckmanE,True,2021-03-01,2021-03-01,,Litterturbanken_only
2568,,HöökenbergKEV,Knut Eric Venne Höökenberg,,HookenbergKEV,True,2021-03-01,2021-03-01,fcrtwrrz25s665b,Litterturbanken_only
2569,,DammCA,Carl Ad. Damm,,DammCA,True,2021-03-01,2021-03-01,,Litterturbanken_only
2570,,IdequistAP,Anders Peter Idequist,,IdequistAP,True,2021-03-01,2021-03-01,dbqsvqqx0wtjwsl,Litterturbanken_only
2571,,LandgrenL,Lars Landgren,,LandgrenL,True,2021-03-01,2021-03-01,nl024wk62mdfqtq,Litterturbanken_only
2572,,DammAJN,Anna Johanna Natalia Dammert,,DammAJN,True,2021-03-01,2021-03-01,,Litterturbanken_only
2573,,InbergFL,Fredrik Leonard Inberg,,InbergFL,True,2021-03-01,2021-03-01,,Litterturbanken_only
2574,,DanielssonCA,Carl Axel Danielsson,,DanielssonCA,True,2021-03-01,2021-03-01,,Litterturbanken_only
2575,,IndebetouA,Axel Indebetou,,IndebetouA,True,2021-03-01,2021-03-01,,Litterturbanken_only
2577,,DahlanderGR,Gustaf Robert Dahlander,,DahlanderGR,True,2021-03-01,2021-03-01,nl025lj62hmdph5,Litterturbanken_only
2578,,HærénM,Mortimer Hærén,,HaerenM,True,2021-03-01,2021-03-01,42gjlg1n2ffkfb5,Litterturbanken_only
2579,,HårdSegerstadCGA,Carl Gustaf Albrekt Hård af Segerstad,,HardSegerstadCGA,True,2021-03-01,2021-03-01,mkz13zj51qnvsb8,Litterturbanken_only
2580,,HwasserI,Israel Hwasser,,HwasserI,True,2021-03-01,2021-03-01,zw9cd9xh17zjc9b,Litterturbanken_only
2581,,ChytræusB,Betty Chytræus,,ChytraeusB,True,2021-03-01,2021-03-01,64jlff0q2s2gmmp,Litterturbanken_only
2582,,DahlgrenJH,Johan H. Dahlgren,,DahlgrenJH,True,2021-03-01,2021-03-01,,Litterturbanken_only
2583,,DahlqvistJP,J. P. Dahlqvist,,DahlqvistJP,True,2021-03-01,2021-03-01,,Litterturbanken_only
2584,,RybergK,Klas Ryberg,,RybergK,True,2021-03-01,2021-03-01,1zcfbt1k1xgj68g,Litterturbanken_only
2585,,DahlströmCA,Carl Andreas Dahlström,,DahlstromCA,True,2021-03-01,2021-03-01,b8nqs76v1l5dzcz,Litterturbanken_only
2586,,CygnæusF,Fredrik Cygnæus,,CygnaeusF,True,2021-03-01,2021-03-01,vs6885nd1j729j8,Litterturbanken_only
2564,,EricssonOA,Olof Abraham Ericsson,,EricssonOA,True,2021-03-01,2021-03-01,20dgj3kl1h38p41,Litterturbanken_only
2563,,BäckmanNP,Nils P. Bäckman,,BackmanNP,True,2021-03-01,2021-03-01,,Litterturbanken_only
2588,,NervanderJJ,Johan Jakob Nervander,,NervanderJJ,True,2021-03-01,2021-03-01,mkz259t536q73cb,Litterturbanken_only
2547,,NordwallJ,Johan Nordwall,,NordwallJ,True,2021-03-01,2021-03-01,qn259gq83b5c4k2,Litterturbanken_only
2537,,PetterssonML,Maria Louisa Pettersson,,PetterssonML,True,2021-03-01,2021-03-01,,Litterturbanken_only
2538,,EngströmG,Gustaf Engström,,EngstromG,True,2021-03-01,2021-03-01,,Litterturbanken_only
2539,,RandelinW,Wendela Randelin,,RandelinW,True,2021-03-01,2021-03-01,,Litterturbanken_only
2540,,RamsayE,Ebba Ramsay,,RamsayE,True,2021-03-01,2021-03-01,ljx0w9p40m6q6lc,Litterturbanken_only
2541,,RahmGVA,Gustaf Verner Ambrosius Rahm,,RahmGVA,True,2021-03-01,2021-03-01,tr58cm5c4cnrxbt,Litterturbanken_only
2542,,NilssonK,Karl Nilsson,,NilssonK,True,2021-03-01,2021-03-01,xv8bfswg3nm5cfq,Litterturbanken_only
2543,,PabanAT,August Theodor Paban,,PabanAT,True,2021-03-01,2021-03-01,qn247rg85g3m57d,Litterturbanken_only
2544,,FridlundA,Anders Fridlund,,FridlundA,True,2021-03-01,2021-03-01,31fhk5hm3dgq3bt,Litterturbanken_only
2545,,FreseCG,Carl Georg de Frese,,FreseCG,True,2021-03-01,2021-03-01,mkz253055r2dghg,Litterturbanken_only
2546,,NordströmW,Wilhelmina Nordström,,NordstromW,True,2021-03-01,2021-03-01,,Litterturbanken_only
2548,,NoreenEA,Erik Adolf Noreen,,NoreenEA,True,2021-03-01,2021-03-01,53hlqw8p5hrb9r4,Litterturbanken_only
2562,,EkebohmD,David Ekebohm,,EkebohmD,True,2021-03-01,2021-03-01,,Litterturbanken_only
2549,,NorénV,Victor Norén,,NorenV,True,2021-03-01,2021-03-01,53hlqwdp0ctlmc0,Litterturbanken_only
2550,,NybergJP,Johan Peter Nyberg,,NybergJP,True,2021-03-01,2021-03-01,86lnjrms2c2zjmw,Litterturbanken_only
2551,,FrimanJC,Jeanette Charlotta Friman,,FrimanJC,True,2021-03-01,2021-03-01,,Litterturbanken_only
2552,,EureniusJL,Jacob Leonard Eurenius,,EureniusJL,True,2021-03-01,2021-03-01,,Litterturbanken_only
2553,,Eugénie,"Eugénie, prinsessa av Sverige",,Eugenie,True,2021-03-01,2021-03-01,vs6888xd2lx9tfd,Litterturbanken_only
2554,,EssenG,Gustaf von Essen,,EssenG,True,2021-03-01,2021-03-01,0xbfkdhj5cb11cr,Litterturbanken_only
2555,,EkströmHE,Hedvig Aurora Ekström,,EkstromHE,True,2021-03-01,2021-03-01,sq47ccfb06xxs1l,Litterturbanken_only
2556,,EkströmFA,Fredrik August Ekström,,EkstromFA,True,2021-03-01,2021-03-01,,Litterturbanken_only
2557,,PontinC,Constans Pontin,,PontinC,True,2021-03-01,2021-03-01,mkz1x8053sd40jb,Litterturbanken_only
2558,,PoulssonK,Karl Poulsson,,PoulssonK,True,2021-03-01,2021-03-01,,Litterturbanken_only
2559,,PrytzHO,Harald Oscar Prytz,,PrytzHO,True,2021-03-01,2021-03-01,,Litterturbanken_only
2560,,QuarnströmAV,A. V. Quarnström,,QuarnstromAV,True,2021-03-01,2021-03-01,qn258jz84k42lzj,Litterturbanken_only
2561,,QvantenE,Emil von Qvanten,,QvantenE,True,2021-03-01,2021-03-01,sq463vfb10tn6kx,Litterturbanken_only
2587,,RydbergCH,Carl Henrik Rydberg,,RydbergCH,True,2021-03-01,2021-03-01,0xbdhgsj0lvmxv9,Litterturbanken_only
2589,,RydströmC,Carl Rydström,,RydstromC,True,2021-03-01,2021-03-01,jgvz2gl22jqsj36,Litterturbanken_only
2535,,PetersonM,Maria Peterson,,PetersonM,True,2021-03-01,2021-03-01,pm136hw73jdrp1c,Litterturbanken_only
2617,,LinderM,Marie Linder,,LinderM,True,2021-03-01,2021-03-01,,Litterturbanken_only
2720,,QvantenAvon,Aurora von Qvanten,,QvantenAvon,True,2021-03-01,2018-10-25,,Litterturbanken_only
2750,,KellmodinF,Frithiof Kellmodin,,KellmodinF,True,2021-03-01,2018-01-18,,Litterturbanken_only
2753,,ArfwidssonN,Nils Arfwidsson,,ArfwidssonN,True,2021-03-01,2017-11-14,hftwzq01397wbbd,Litterturbanken_only
2766,,KastmanC,Carl Kastman,,KastmanC,True,2021-03-01,2017-01-15,xv8b6w7g492s6kz,Litterturbanken_only
2767,,KastmanK,Knut Kastman,,KastmanK,True,2021-03-01,2017-01-15,,Litterturbanken_only
2768,,KullbergC,Carl A. Kullberg,,KullbergC,True,2021-03-01,2017-01-14,fcrvzzjz0t97l5x,Litterturbanken_only
2777,,HolmströmCFA,Carl Ferdinand Alexander Holmström,,HolmstromCFA,True,2021-03-01,2016-05-10,,Litterturbanken_only
2800,,KrookA,Axel Krook,,KrookA,True,2021-03-01,2014-02-11,75kmh94r49dcg8h,Litterturbanken_only
2801,,ÖmanVE,Victor Emanuel Öman,,OmanVE,True,2021-03-01,2014-02-11,b8nqslxv3ln1qgp,Litterturbanken_only
2618,,LinderFC,Fredrika Christina Linder,,LinderFC,True,2021-03-01,2021-03-01,hftx11414wzkvkm,Litterturbanken_only
2590,,IdmanCJ,Carl Johan Idman,,IdmanCJ,True,2021-03-01,2021-03-01,,Litterturbanken_only
2591,,SachtlebenKR,Karl Robert Sachtleben,,SachtlebenKR,True,2021-03-01,2021-03-01,,Litterturbanken_only
2592,,JahnssonEF,Evald Ferdinand Jahnsson,,JahnssonEF,True,2021-03-01,2021-03-01,,Litterturbanken_only
2593,,RussbergJA,Johan Albert Russberg,,RussbergJA,True,2021-03-01,2021-03-01,,Litterturbanken_only
2594,,DufvaEW,Elias Walfrid Dufva,,DufvaEW,True,2021-03-01,2021-03-01,1zcfhz2k5gd4b3v,Litterturbanken_only
2595,,DanielssonE,Eleonore Danielsson,,DanielssonE,True,2021-03-01,2021-03-01,,Litterturbanken_only
2596,,HodellF,Frans Hodell,,HodellF,True,2021-03-01,2021-03-01,hftwzrm142dz6gp,Litterturbanken_only
2597,,HollertzJP,Johan Peter Hollertz,,HollertzJP,True,2021-03-01,2021-03-01,,Litterturbanken_only
2598,,HofstenJC,Johanna Christina von Hofsten,,HofstenJC,True,2021-03-01,2021-03-01,tr57bd2c402r5mb,Litterturbanken_only
2599,,DonnerO,Otto Donner,,DonnerO,True,2021-03-01,2021-03-01,b8nqs85v0n112zp,Litterturbanken_only
2600,,DjurströmH,H. Djurström,,DjurstromH,True,2021-03-01,2021-03-01,,Litterturbanken_only
2601,,LindbergEM,Erik Magnus Lindberg,,LindbergEM,True,2021-03-01,2021-03-01,pm1366n72r2fs8b,Litterturbanken_only
2602,,RollinCF,Catharina Fredrika Rollin,,RollinCF,True,2021-03-01,2021-03-01,,Litterturbanken_only
2603,,DillnerGH,Gustaf Halfdan Dillner,,DillnerGH,True,2021-03-01,2021-03-01,,Litterturbanken_only
2604,,LindJ,Josephina Lind,,LindJ,True,2021-03-01,2021-03-01,,Litterturbanken_only
2616,,LewenhauptC,Charlotte Lewenhaupt,,LewenhauptC,True,2021-03-01,2021-03-01,khw032v33th7d7w,Litterturbanken_only
2605,,RoosAB,Alfred Brynolf Roos,,RoosAB,True,2021-03-01,2021-03-01,1zcgkvhk221vt2s,Litterturbanken_only
2606,,DehnI,Ida Dehn,,DehnI,True,2021-03-01,2021-03-01,nl02w0664pt4csq,Litterturbanken_only
2607,,RosendahlCG,Carl-Gustaf Rosendahl,,RosendahlCG,True,2021-03-01,2021-03-01,,Litterturbanken_only
2608,,RisbergE,Emilie Risberg,,RisbergE,True,2021-03-01,2021-03-01,xv8bftzg1q5kqcd,Litterturbanken_only
2609,,DeVylderG,Gustaf De Vylder,,DeVylderG,True,2021-03-01,2021-03-01,vs68bsdd293t9xm,Litterturbanken_only
2610,,LindbäckO,Olof Lindbäck,,LindbackO,True,2021-03-01,2021-03-01,20dgjb0l54qbj6x,Litterturbanken_only
2611,,LindebergAxel,Axel Lindeberg,,LindebergAxel,True,2021-03-01,2021-03-01,,Litterturbanken_only
2612,,JanzonG,Gustaf Janzon,,JanzonG,True,2021-03-01,2021-03-01,vs69f1cd3cf038w,Litterturbanken_only
2613,,SanderF,Fredrik Sander,,SanderF,True,2021-03-01,2021-03-01,nl025vz64m15297,Litterturbanken_only
2614,,LangletM,Mathilda Langlet,,LangletM,True,2021-03-01,2021-03-01,97mpnwvt0v4s59x,Litterturbanken_only
2615,,HultinM,Måns Hultin,,HultinM,True,2021-03-01,2021-03-01,fcrtp8zz2x7n09l,Litterturbanken_only
2536,,PetterssonC,Carl Pettersson,,PetterssonC,True,2021-03-01,2021-03-01,fcrvz6kz2ncdfzg,Litterturbanken_only
2478,,BarthelsonF,Fredrik Barthelson,,BarthelsonF,True,2021-03-01,2021-03-01,,Litterturbanken_only
2452,,WesterA,August Wester,,WesterA,True,2021-03-01,2021-03-01,,Litterturbanken_only
2479,,AurellCJE,Claes Johan Emil Aurell,,AurellCJE,True,2021-03-01,2021-03-01,75kmp3dr4fpghz2,Litterturbanken_only
2451,,BennettCH,Charles H. Bennet,,BennettCH,True,2021-03-01,2021-03-01,,Litterturbanken_only
2480,,LiljaN,Nils Lilja,,LiljaN,True,2021-03-01,2021-03-01,nl0254263spxdzf,Litterturbanken_only
2450,,BolanderS,Sophie Bolander,,BolanderS,True,2021-03-01,2021-03-01,gdsvx68026d7f9m,Litterturbanken_only
2481,,AntellGW,G. W. Antell,,AntellGW,True,2021-03-01,2021-03-01,xv8chtlg47bxs5l,Litterturbanken_only
2482,,LimborgO,Ossian Limborg,,LimborgO,True,2021-03-01,2021-03-01,97mpkg6t0c6cv9c,Litterturbanken_only
2483,,FeilitzenO,Otto von Feilitzen,,FeilitzenO,True,2021-03-01,2021-03-01,,Litterturbanken_only
2484,,SchönA,Alfred Schön,,SchonA,True,2021-03-01,2021-03-01,75knr74r43tptld,Litterturbanken_only
2485,,BörkI,Isak Börk,,BorkI,True,2021-03-01,2021-03-01,wt79ct3f3qbt3jd,Litterturbanken_only
2486,,RedwitzO,Oskar von Redwitz,,RedwitzO,True,2021-03-01,2021-03-01,khwztkk33vqs467,Litterturbanken_only
2487,,OldbergAFN,Anders Fredrik Nathanael Oldberg,,OldbergAFN,True,2021-03-01,2021-03-01,pm147fn709dnq0c,Litterturbanken_only
2488,,FeukL,Lars Feuk,,FeukL,True,2021-03-01,2021-03-01,gdsvqkr01d21qp0,Litterturbanken_only
2449,,ArfvidssonMKJ,Mathilda Katarina Johanna Arfvidsson,,ArfvidssonMKJ,True,2021-03-01,2021-03-01,,Litterturbanken_only
2490,,FahlcrantzAM,Axel Magnus Fahlcrantz,,FahlcrantzAM,True,2021-03-01,2021-03-01,0xbfjr9j02tz8g6,Litterturbanken_only
2491,,FagerströmV,Victor Fagerström,,FagerstromV,True,2021-03-01,2021-03-01,,Litterturbanken_only
2492,,FagerlundGW,Gustaf Wilhelm Fagerlund,,FagerlundGW,True,2021-03-01,2021-03-01,fcrtwh4z454hmtn,Litterturbanken_only
2493,,OxenstiernaMGL,Mårten Gabriel Leijonsköld Oxenstierna,,OxenstiernaMGL,True,2021-03-01,2021-03-01,jgvxt3c20z57c64,Litterturbanken_only
2494,,NylanderCW,Conrad Wilhelm Nylander,,NylanderCW,True,2021-03-01,2021-03-01,,Litterturbanken_only
2495,,NybergS,Sigfrid Nyberg,,NybergS,True,2021-03-01,2021-03-01,,Litterturbanken_only
2448,,BengtssonJ,Jakob Bengtsson,,BengtssonJ,True,2021-03-01,2021-03-01,,Litterturbanken_only
2496,,GadolinSC,Sara Carolina Gadolin,,GadolinSC,True,2021-03-01,2021-03-01,zw9cf24h3607k52,Litterturbanken_only
2477,,SundeliusAS,Anna Sara Sundelius,,SundeliusAS,True,2021-03-01,2021-03-01,,Litterturbanken_only
2476,,BlixénA,Amalia Blixén,,BlixenA,True,2021-03-01,2021-03-01,,Litterturbanken_only
2475,,AurellW,Wilhelm Aurell,,AurellW,True,2021-03-01,2021-03-01,,Litterturbanken_only
2468,,BeckmanEdvard,Edvard Beckman,,BeckmanEdvard,True,2021-03-01,2021-03-01,,Litterturbanken_only
2458,,KnutssonK,Klas Knutsson,,KnutssonK,True,2021-03-01,2021-03-01,,Litterturbanken_only
2459,,BjörlingF,Fridolf Björling,,BjorlingF,True,2021-03-01,2021-03-01,20dg93dl2tkzq4s,Litterturbanken_only
2460,,SundiusPG,Petter Georg Sundius,,SundiusPG,True,2021-03-01,2021-03-01,,Litterturbanken_only
2457,,BjelkengrenC,Conrad Bjelkengren,,BjelkengrenC,True,2021-03-01,2021-03-01,,Litterturbanken_only
2461,,BlumenbergHG,Henrik Germund Blumenberg,,BlumenbergHG,True,2021-03-01,2021-03-01,b8nqs15v327fqmz,Litterturbanken_only
2462,,ArvidsonB,Bernt Arvidson,,ArvidsonB,True,2021-03-01,2021-03-01,dbqsv7dx233m63v,Litterturbanken_only
2463,,WelinC,Carl Welin,,WelinC,True,2021-03-01,2021-03-01,1zcgkc4k4l7bwt8,Litterturbanken_only
2464,,WendelJ,Johan Wendel,,WendelJ,True,2021-03-01,2021-03-01,vs69d64d4kml9b1,Litterturbanken_only
2465,,AroseniusFR,Fredrik Reinhold Arosenius,,AroseniusFR,True,2021-03-01,2021-03-01,rp357ft906j2gdl,Litterturbanken_only
2466,,BohlinSAT,S. A. T. Bohlin,,BohlinSAT,True,2021-03-01,2021-03-01,,Litterturbanken_only
2467,,ArmfeltGJP,Gustaf Johan Philip Armfelt,,ArmfeltGJP,True,2021-03-01,2021-03-01,42gkp1wn4cqps4q,Litterturbanken_only
2469,,VirginAG,Axel Gustaf Virgin,,VirginAG,True,2021-03-01,2021-03-01,53hlplfp5j7smn5,Litterturbanken_only
2453,,BolmJA,Jon. Ad. Bolm,,BolmJA,True,2021-03-01,2021-03-01,nl024fw654kdhpv,Litterturbanken_only
2470,,AurénJA,Johan August Aurén,,AurenJA,True,2021-03-01,2021-03-01,zw9cft5h567l1vj,Litterturbanken_only
2471,,SundbergA,Axel Sundberg,,SundbergA,True,2021-03-01,2021-03-01,,Litterturbanken_only
2472,,VikströmA,Arvid Vikström,,VikstromA,True,2021-03-01,2021-03-01,,Litterturbanken_only
2473,,BacklundG,Gusten Backlund,,BacklundG,True,2021-03-01,2021-03-01,jgvz3g222n5kt42,Litterturbanken_only
2474,,BacklundA,A. Backlund,,BacklundA,True,2021-03-01,2021-03-01,,Litterturbanken_only
2456,,BerggrenAJ,August J. Berggren,,BerggrenAJ,True,2021-03-01,2021-03-01,,Litterturbanken_only
2455,,BergJA,Johan August Berg,,BergJA,True,2021-03-01,2021-03-01,,Litterturbanken_only
2454,,WettergrundJ,Josefina Wettergrund,,WettergrundJ,True,2021-03-01,2021-03-01,c9prnmrw2bq002s,Litterturbanken_only
2447,,SundénDA,D. A. Sundén,,SundenDA,True,2021-03-01,2021-03-01,ljx14n743xr3v60,Litterturbanken_only
2489,,FehrI,Isak Fehr,,FehrI,True,2021-03-01,2021-03-01,,Litterturbanken_only
2446,,AndersonA,Alfred Anderson,,AndersonA,True,2021-03-01,2021-03-01,,Litterturbanken_only
2524,,PihlströmK,Kalle Pihlström,,PihlstromK,True,2021-03-01,2021-03-01,,Litterturbanken_only
2441,,StolpeM,Mats Stolpe,,StolpeM,True,2021-03-01,2021-03-01,,Litterturbanken_only
2512,,SefbomA,Augusta Sefbom,,SefbomA,True,2021-03-01,2021-03-01,,Litterturbanken_only
2513,,CederströmCH,Claes Henrik Cederström,,CederstromCH,True,2021-03-01,2021-03-01,jgvx0k525s9qwm4,Litterturbanken_only
2514,,CederqvistA,August Cederqvist,,CederqvistA,True,2021-03-01,2021-03-01,zw9c65sh2f2mjg5,Litterturbanken_only
2515,,SchantzO,Otto von Schantz,,SchantzO,True,2021-03-01,2021-03-01,,Litterturbanken_only
2516,,CederbladA,Albert Cederblad,,CederbladA,True,2021-03-01,2021-03-01,vs69hj3d2wsvnz9,Litterturbanken_only
2517,,SchenfeltI,Inga Schenfelt,,SchenfeltI,True,2021-03-01,2021-03-01,64jlh2tq5djqwsp,Litterturbanken_only
2518,,FuruhjelmAL,August Leonhard Furuhjelm,,FuruhjelmAL,True,2021-03-01,2021-03-01,,Litterturbanken_only
2519,,NilssonAlexander,Alexander Nilsson,,NilssonAlexander,True,2021-03-01,2021-03-01,,Litterturbanken_only
2520,,PehrssonJ,J. Pehrsson,,PehrssonJ,True,2021-03-01,2021-03-01,,Litterturbanken_only
2497,,FåhræusOI,Olof Immanuel Fåhræus,,FahraeusOI,True,2021-03-01,2021-03-01,31fjn5bm30ktpr2,Litterturbanken_only
2522,,NervanderE,Emil Nervander,,NervanderE,True,2021-03-01,2021-03-01,75kmhp9r1jth3kf,Litterturbanken_only
2523,,ElmgrenW,Wilhelm Elmgren,,ElmgrenW,True,2021-03-01,2021-03-01,,Litterturbanken_only
2525,,PalmeCA,Christian Adolph Palme,,PalmeCA,True,2021-03-01,2021-03-01,nl036d565hxqmm8,Litterturbanken_only
2510,,BrobergFA,Frans August Broberg,,BrobergFA,True,2021-03-01,2021-03-01,,Litterturbanken_only
2440,,AnderssonME,Magnus Ehrenhold Andersson,,AnderssonME,True,2021-03-01,2021-03-01,64jln0xq1jrbd6d,Litterturbanken_only
2439,,TörnqvistJP,J. P. Törnqvist,,TornqvistJP,True,2021-03-01,2021-03-01,b8nqs0rv2vff5qn,Litterturbanken_only
2526,,ErixonK,Karl Erixon,,ErixonK,True,2021-03-01,2021-03-01,,Litterturbanken_only
2527,,ErikssonEW,E. W. Eriksson,,ErikssonEW,True,2021-03-01,2021-03-01,,Litterturbanken_only
2528,,EriksonAP,Anders Peter Erikson,,EriksonAP,True,2021-03-01,2021-03-01,,Litterturbanken_only
2529,,PatersonE,Emil Paterson,,PatersonE,True,2021-03-01,2021-03-01,,Litterturbanken_only
2530,,LinckEE,Emma Elisabeth Linck,,LinckEE,True,2021-03-01,2021-03-01,b8nqlh8v1ct7wr8,Litterturbanken_only
2438,,LundströmA,A. Lundström,,LundstromA,True,2021-03-01,2021-03-01,97mpssgt3fg7mn4,Litterturbanken_only
2531,,ErdemanCG,C. G. Erdeman,,ErdemanCG,True,2021-03-01,2021-03-01,ljx03pb4052d1s8,Litterturbanken_only
2532,,PereswetoffMorathAW,Anders Wilhelm Pereswetoff-Morath,,PereswetoffMorathAW,True,2021-03-01,2021-03-01,vs685gtd54m6k9p,Litterturbanken_only
2533,,NilssonE,Ernst Nilsson,,NilssonE,True,2021-03-01,2021-03-01,,Litterturbanken_only
2534,,PinelloNH,Nils Henrik Pinello,,PinelloNH,True,2021-03-01,2021-03-01,,Litterturbanken_only
2511,,BååthGM,Georg Martin Bååth,,BaathGM,True,2021-03-01,2021-03-01,,Litterturbanken_only
2521,,EkJG,Johan Gustaf Ek,,EkJG,True,2021-03-01,2021-03-01,pm135nf72vb0v56,Litterturbanken_only
2509,,SandströmerC,Clara Sandströmer,,SandstromerC,True,2021-03-01,2021-03-01,tr58cwzc2qtmnn4,Litterturbanken_only
2505,,SjöbergAC,Anders Conrad Sjöbeck,,SjobergAC,True,2021-03-01,2021-03-01,,Litterturbanken_only
2503,,BursellBS,Bernhard Salomon Bursell,,BursellBS,True,2021-03-01,2021-03-01,jgvx0dg21734rwt,Litterturbanken_only
2445,,BlomgrenEG,E. G. Blomgren,,BlomgrenEG,True,2021-03-01,2021-03-01,dbqsmg3x0lj1txf,Litterturbanken_only
2504,,SilfversparreGG,Gustaf Georg Silfversparre,,SilfversparreGG,True,2021-03-01,2021-03-01,gdsw0gz03v4t110,Litterturbanken_only
2502,,SilfverhjelmACS,Anna Charlotta Sophia Silfverhjelm,,SilfverhjelmACS,True,2021-03-01,2021-03-01,,Litterturbanken_only
2501,,BäcklundCM,C. M. Bäcklund,,BacklundCM,True,2021-03-01,2021-03-01,,Litterturbanken_only
2444,,WikIE,Isak Erik Wik,,WikIE,True,2021-03-01,2021-03-01,,Litterturbanken_only
2500,,BromanPG,Pehr Gustaf Broman,,BromanPG,True,2021-03-01,2021-03-01,,Litterturbanken_only
2442,,AnderssonFA,F. A. Andersson,,AnderssonFA,True,2021-03-01,2021-03-01,75kmp1tr5pllssx,Litterturbanken_only
2443,,SvahnA,Accacia Svahn,,SvahnA,True,2021-03-01,2021-03-01,,Litterturbanken_only
2499,,CarlénCS,Christina Serafia Carlén,,CarlenCS,True,2021-03-01,2021-03-01,,Litterturbanken_only
2508,,BruhnJN,Johan Niklas Bruhn,,BruhnJN,True,2021-03-01,2021-03-01,zw9cfngh48k9rhh,Litterturbanken_only
2506,,SjöbeckP,Pontus Sjöbeck,,SjobeckP,True,2021-03-01,2021-03-01,fcrtqcgz307bvt7,Litterturbanken_only
2507,,BruzeliusJ,Janne Bruzelius,,BruzeliusJ,True,2021-03-01,2021-03-01,mkz13c951k5nz8t,Litterturbanken_only
2498,,CardonOB,O. B. Cardon,,CardonOB,True,2021-03-01,2021-03-01,,Litterturbanken_only
2622,,LiebesheimJR,J. R. Liebesheim,,LiebesheimJR,True,2021-01-25,2021-01-25,,Litterturbanken_only
2619,,BjörkfeldtL,Leonard Björkfeldt,,BjorkfeldtL,True,2021-01-25,2021-01-25,,Litterturbanken_only
2620,,TörnqvistP,Peter Törnqvist,,TornqvistP,True,2021-01-25,2021-01-25,,Litterturbanken_only
2621,,HägerstrandForssM,Marianne Hägerstrand-Forss,,HagerstrandForssM,True,2021-01-25,2021-01-25,,Litterturbanken_only
2623,,LindroosB,Bengt Lindroos,,LindroosB,True,2021-01-25,2021-01-25,,Litterturbanken_only
2624,,TilsleyMJ,M. J. Tilsley,,TilsleyMJ,True,2020-12-04,2020-12-04,,Litterturbanken_only
2627,,JohannessonPJ,Petter Johan Johannesson,,JohannessonPJ,True,2020-11-30,2020-11-13,,Litterturbanken_only
2625,,EklundM,Mårten Eklund,,EklundM,True,2020-11-30,2020-11-30,,Litterturbanken_only
2626,,BromanG,Gunnar Broman,,BromanG,True,2020-11-13,2020-11-13,,Litterturbanken_only
2628,,FranklinB,Benjamin Franklin,,FranklinB,True,2020-11-09,2020-11-09,,Litterturbanken_only
2629,,KornhallD,David Kornhall,,KornhallD,True,2020-10-26,2020-10-26,,Litterturbanken_only
2630,,BerglundD,Dan Berglund,,BerglundD,True,2020-09-21,2020-09-21,,Litterturbanken_only
2631,,HolthusenCJ,Carl Johan von Holthusen,,HolthusenCJ,True,2020-09-21,2020-09-21,,Litterturbanken_only
2632,,JovikenM,Martin Joviken,,JovikenM,True,2020-08-17,2020-08-17,,Litterturbanken_only
2633,,MalmrosI,Ingrid Malmros,,MalmrosI,True,2020-08-13,2020-08-13,,Litterturbanken_only
2634,,RunelidE,Effe Runelid,,RunelidE,True,2020-04-27,2020-04-27,,Litterturbanken_only
2635,,GuldbrandG,Gabriel Guldbrand,,GuldbrandG,True,2020-04-27,2020-04-27,,Litterturbanken_only
2782,,ClaéssonD,Dick Claésson,,ClaessonD,True,2020-03-30,2015-09-30,,Litterturbanken_only
2636,,RheenS,Samuel Rheen,,RheenS,True,2020-02-17,2020-02-17,,Litterturbanken_only
2637,,HögmanB,Bertil Högman,,HogmanB,True,2020-01-27,2020-01-27,,Litterturbanken_only
2638,,LivinCM,Claes Magnus Livin,,LivinCM,True,2020-01-18,2020-01-18,,Litterturbanken_only
2641,,DomeijM,Martin Domeij,,DomeijM,True,2019-12-02,2019-12-02,,Litterturbanken_only
2640,,MobergL,Lennart Moberg,,MobergL,True,2019-12-02,2019-12-02,,Litterturbanken_only
2639,,KarlssonJ,Jan Karlsson,,KarlssonJ,True,2019-12-02,2019-12-02,,Litterturbanken_only
2643,,BerggrenM,Martin Berggren,,BerggrenM,True,2019-11-28,2019-11-28,,Litterturbanken_only
2644,,BrunnströmE,Edvin Bolinus,,BrunnstromE,True,2019-11-28,2019-11-28,,Litterturbanken_only
2642,,PabanL,Louis Paban,,PabanL,True,2019-11-28,2019-11-28,,Litterturbanken_only
2645,,BolinusA,Andreas Bolinus,,BolinusA,True,2019-11-28,2019-11-28,,Litterturbanken_only
2646,,RebrénL,Lars Rebrén,,RebrenL,True,2019-10-28,2019-10-28,,Litterturbanken_only
2647,,ChristensenJ,Jens Christensen,,ChristensenJ,True,2019-10-28,2019-10-28,,Litterturbanken_only
2648,,SvensktVisarkiv,Svenskt visarkiv,Q15679495,SvensktVisarkiv,True,2019-10-24,2019-10-17,,Litterturbanken_only
2649,,JohanssonAMCJ,Anna Mathilda Cecilia Johannesdotter Johansson,,JohanssonAMCJ,True,2019-10-17,2019-10-17,,Litterturbanken_only
2757,,RöökT,Thérèse Hagedorn-Oskarsson,,RookT,True,2019-10-09,2017-09-17,,Litterturbanken_only
2656,,RabbénJ,Johan Rabbén,,RabbenJ,True,2019-09-23,2019-09-23,,Litterturbanken_only
2657,,IsittD,David Isitt,,IsittD,True,2019-09-23,2019-09-23,,Litterturbanken_only
2658,,BlumeE,Eva Blume,,BlumeE,True,2019-09-23,2019-09-23,,Litterturbanken_only
2653,,MårtensonP,Per Mårtenson,,MartensonP,True,2019-09-23,2019-09-23,,Litterturbanken_only
2655,,PersmanJ,Joanna Persman,,PersmanJ,True,2019-09-23,2019-09-23,,Litterturbanken_only
2650,,WarnerVonWarhausenP,Philotheus Warner von Warhausen,,WarnerVonWarhausenP,True,2019-09-23,2019-09-23,,Litterturbanken_only
2651,,CarolstadiusLJ,Laurentius Johannis Carolstadius,,CarolstadiusLJ,True,2019-09-23,2019-09-23,,Litterturbanken_only
2652,,MuraeusSL,Stephanus Laurentii Muraeus,,MuraeusSL,True,2019-09-23,2019-09-23,,Litterturbanken_only
2654,,PetrusEschilli,Petrus Eschilli,,PetrusEschilli,True,2019-09-23,2019-09-23,,Litterturbanken_only
2660,,GussgardJ,Jostein Gussgard,,GussgardJ,True,2019-08-26,2019-08-26,,Litterturbanken_only
2664,,SchenmarkJ,Johan Schenmark,,SchenmarkJ,True,2019-08-26,2019-08-26,,Litterturbanken_only
2668,,ReuterstedtJ,Johan Reuterstedt,,ReuterstedtJ,True,2019-08-26,2019-08-26,,Litterturbanken_only
2667,,GranlundI,Ingalill Granlund,,GranlundI,True,2019-08-26,2019-08-26,,Litterturbanken_only
2669,,BlomqvistG,Gunnar Blomqvist,,BlomqvistG,True,2019-08-26,2019-08-26,,Litterturbanken_only
2666,,SjöbergerL,Leonard Sjöberger,,SjobergerL,True,2019-08-26,2019-08-26,,Litterturbanken_only
2665,,RollinCG,Carl Gustaf Rollin,,RollinCG,True,2019-08-26,2019-08-26,,Litterturbanken_only
2663,,GaslanderJ,Johan Gaslander,,GaslanderJ,True,2019-08-26,2019-08-26,,Litterturbanken_only
2662,,TjäderB,Börje Tjäder,,TjaderB,True,2019-08-26,2019-08-26,,Litterturbanken_only
2661,,BillingOttossonAM,Ann-Marie Billing-Ottosson,,BillingOttossonAM,True,2019-08-26,2019-08-26,,Litterturbanken_only
2659,,SchultzeJR,Johan Reinhold Schultze,,SchultzeJR,True,2019-08-26,2019-08-26,,Litterturbanken_only
2725,,EkT,Thomas Ek,,EkT,True,2019-06-25,2018-09-24,,Litterturbanken_only
2670,,FredlundB,Björn Fredlund,,FredlundB,True,2019-06-24,2019-06-24,,Litterturbanken_only
2671,,ErtmanI,Israel Ertman,,ErtmanI,True,2019-06-24,2019-06-24,,Litterturbanken_only
2672,,HollmanL,Lennart Hollman,,HollmanL,True,2019-06-24,2019-06-24,,Litterturbanken_only
2673,,HollandP,Percy Holland,,HollandP,True,2019-06-24,2019-06-24,,Litterturbanken_only
2674,,ZykaC,Christine Zyka,,ZykaC,True,2019-06-18,2019-06-18,,Litterturbanken_only
2675,,RoineJ,Jesper Roine,,RoineJ,True,2019-06-18,2019-06-18,,Litterturbanken_only
2676,,AnderssonHans,Hans Andersson,,AnderssonHans,True,2019-06-18,2019-06-18,,Litterturbanken_only
2679,,SjöstedtH,Helen Sjöstedt,,SjostedtH,True,2019-05-22,2019-05-22,,Litterturbanken_only
2680,,BrithelliS,Sigrid Brithelli,,BrithelliS,True,2019-05-22,2019-05-22,,Litterturbanken_only
2677,,GohlC,Cecilé Gohl,,GohlC,True,2019-05-22,2019-05-22,,Litterturbanken_only
2678,,FuhrmannS,Stephan Fuhrmann,,FuhrmannS,True,2019-05-22,2019-05-22,,Litterturbanken_only
2686,,MattissonEkstamJ,Jane Mattisson Ekstam,,MattissonEkstamJ,True,2019-05-22,2019-05-22,,Litterturbanken_only
2682,,LeopoldL,Lennart Leopold,,LeopoldL,True,2019-05-22,2019-05-22,,Litterturbanken_only
2683,,LindstedtS,Sofi Lindstedt,,LindstedtS,True,2019-05-22,2019-05-22,,Litterturbanken_only
2681,,HultgrenOJ,Olof Johan Hultgren,,HultgrenOJ,True,2019-05-22,2019-05-22,,Litterturbanken_only
2684,,PålmanE,Elin Pålman,,PalmanE,True,2019-05-22,2019-05-22,,Litterturbanken_only
2685,,HussE,Elvira Huss,,HussE,True,2019-05-22,2019-05-22,,Litterturbanken_only
2687,,LundgrenD,Disa Lundgren,,LundgrenD,True,2019-05-22,2019-05-22,,Litterturbanken_only
2688,,GerdinM,Maja Gerdin,,GerdinM,True,2019-05-15,2019-05-15,,Litterturbanken_only
2689,,SchaumijM,Matthias Schaumij,,SchaumijM,True,2019-04-25,2019-04-25,,Litterturbanken_only
2692,,HörstedtL,Lars Hörstedt,,HorstedtL,True,2019-04-25,2019-04-25,,Litterturbanken_only
2690,,SeilerusMJ,J. Joachim Seilerus,,SeilerusMJ,True,2019-04-25,2019-04-25,,Litterturbanken_only
2693,,NidelbergAS,Ambrosius Svenonis Nidelberg,,NidelbergAS,True,2019-04-25,2019-04-25,,Litterturbanken_only
2691,,StålhammarCL,Carl Leonard Stålhammar,,StalhammarCL,True,2019-04-25,2019-04-25,,Litterturbanken_only
2697,,RosenM,Maria von Rosen,,RosenM,True,2019-04-01,2019-04-01,,Litterturbanken_only
2696,,BertheliusPH,Per-Henrik Berthelius,,BertheliusPH,True,2019-04-01,2019-04-01,,Litterturbanken_only
2694,,LindblomE,Edel Lindblom,,LindblomE,True,2019-04-01,2019-04-01,,Litterturbanken_only
2802,,NordlundA,Anna Nordlund,,NordlundA,True,2019-04-01,2013-12-11,,Litterturbanken_only
2695,,ThuringJE,Johan Eric Thuring,,ThuringJE,True,2019-04-01,2019-04-01,,Litterturbanken_only
2704,,DeLaChapelleJR,Julius Richart De la Chapelle,,DeLaChapelleJR,True,2019-02-25,2019-02-25,,Litterturbanken_only
2703,,CarlheimH,Håkan Carlheim,,CarlheimH,True,2019-02-25,2019-02-25,,Litterturbanken_only
2702,,ConsettM,Matthew Consett,,ConsettM,True,2019-02-25,2019-02-25,,Litterturbanken_only
2705,,OlssonHelmer,Helmer Olsson,,OlssonHelmer,True,2019-02-25,2019-02-25,,Litterturbanken_only
2771,,WerfwingJG,Johan Gabriel Werfwing,,WerfwingJG,True,2019-02-25,2016-11-16,,Litterturbanken_only
2701,,AhlmanC,Carl O. Ahlman,,AhlmanC,True,2019-02-25,2019-02-25,,Litterturbanken_only
2700,,ÅlundP,Paulus Ålund,,AlundP,True,2019-02-25,2019-02-25,,Litterturbanken_only
2699,,FreyJM,J. M. Frey,,FreyJM,True,2019-02-25,2019-02-25,,Litterturbanken_only
2698,,RomanCG,Christian Gustafsson Roman,,RomanCG,True,2019-02-25,2019-02-25,,Litterturbanken_only
2706,,CollingL,Lars Colling,,CollingL,True,2019-01-28,2019-01-28,,Litterturbanken_only
2707,,SilverstolpeGA,Gustaf Abraham Silverstolpe,,SilverstolpeGA,True,2019-01-28,2019-01-28,,Litterturbanken_only
2708,,FredbergCRA,Carl Rudolf A:son Fredberg,,FredbergCRA,True,2019-01-28,2019-01-28,,Litterturbanken_only
2709,,HellströmC,Carl Hellström,,HellstromC,True,2018-11-26,2018-11-26,,Litterturbanken_only
2774,,PalmCM,Carl Magnus Palm,,PalmCM,True,2018-11-19,2016-11-14,,Litterturbanken_only
2719,,HjalmarsonK,Karin Hjalmarson,,HjalmarsonK,True,2018-10-25,2018-10-25,,Litterturbanken_only
2718,,TraverseF,"François de la Traverse, sieur de Sévigny",,TraverseF,True,2018-10-25,2018-10-25,,Litterturbanken_only
2717,,ÅgrenY,Ylva Ågren,,AgrenY,True,2018-10-25,2018-10-25,,Litterturbanken_only
2716,,TrolleC,Constance af Trolle,,TrolleC,True,2018-10-25,2018-10-25,,Litterturbanken_only
2715,,OlssonHelene,Hélène Olsson,,OlssonHelene,True,2018-10-25,2018-10-25,,Litterturbanken_only
2714,,MårsellM,Maria Mårsell,,MarsellM,True,2018-10-25,2018-10-25,,Litterturbanken_only
2713,,GustafsonE,Edla Gustafson,,GustafsonE,True,2018-10-25,2018-10-25,,Litterturbanken_only
2712,,GuyJH,Jean Henri Guy,,GuyJH,True,2018-10-25,2018-10-25,,Litterturbanken_only
2711,,GindtD,Dirk Gindt,,GindtD,True,2018-10-25,2018-10-25,,Litterturbanken_only
2710,,GedinD,David Gedin,,GedinD,True,2018-10-25,2018-10-25,,Litterturbanken_only
2724,,MäeotsO,Olga Mäeots,,MaeotsO,True,2018-09-26,2018-09-24,,Litterturbanken_only
2728,,GetheCJ,Carl Johan Gethe,,GetheCJ,True,2018-09-24,2018-09-24,,Litterturbanken_only
2729,,GöranssonJohannes,Johannes Göransson,,GoranssonJohannes,True,2018-09-24,2018-09-24,,Litterturbanken_only
2727,,SLS,Svenska litteratursällskapet i Finland,Q769544,SLS,True,2018-09-24,2018-09-24,,Litterturbanken_only
2726,,NyqvistS,Sanna Nyqvist,,NyqvistS,True,2018-09-24,2018-09-24,,Litterturbanken_only
2723,,BirgerssonM,Maria Birgersson,,BirgerssonM,True,2018-09-24,2018-09-24,,Litterturbanken_only
2721,,SundholmJ,John Sundholm,,SundholmJ,True,2018-09-24,2018-09-24,,Litterturbanken_only
2722,,RuutuH,Hanna Ruutu,,RuutuH,True,2018-09-24,2018-09-24,,Litterturbanken_only
2732,,SjöstrandK,Kari Sjöstrand,,SjostrandK,True,2018-08-27,2018-08-27,,Litterturbanken_only
2731,,TidströmS,Samuel Tidström,,TidstromS,True,2018-08-27,2018-08-27,,Litterturbanken_only
2730,,MartiniCC,Carnutus Martini Carelius,,MartiniCC,True,2018-08-27,2018-08-27,,Litterturbanken_only
2733,,EdelfeltJC,"Johanna Catharina Edefelt, f. Benzelstjerna",,EdelfeltJC,True,2018-08-27,2018-08-27,,Litterturbanken_only
2737,,LindgrenU,Ulrika Lindgren,,LindgrenU,True,2018-06-21,2018-06-09,,Litterturbanken_only
2734,,CarterC,Chickering Carter,,CarterC,True,2018-06-16,2018-06-16,,Litterturbanken_only
2735,,FlodmanSO,Sveno Olai Flodman,,FlodmanSO,True,2018-06-11,2018-06-11,,Litterturbanken_only
2736,,ForsseliusLJ,Laurentius Jonae Forsselius,,ForsseliusLJ,True,2018-06-11,2018-06-11,,Litterturbanken_only
2738,,EnelundM,Michael Enelund,,EnelundM,True,2018-06-08,2018-06-08,,Litterturbanken_only
2739,,EversU,Ulla Evers,,EversU,True,2018-05-21,2018-05-21,,Litterturbanken_only
2740,,HackmanB,Boel Hackman,,HackmanB,True,2018-05-17,2018-05-17,,Litterturbanken_only
2741,,HaarderA,Andreas Helt Geismar Haarder,,HaarderA,True,2018-05-14,2018-05-14,,Litterturbanken_only
2742,,HadorphJdy,Johan Hadorph den yngre,,HadorphJdy,True,2018-05-10,2018-05-10,,Litterturbanken_only
2743,,ApelbergJ,Jonas Apelberg,,ApelbergJ,True,2018-04-20,2018-04-20,,Litterturbanken_only
2804,,DeleenJC,Johanna Carolina Deleen,,DeleenJC,True,2018-03-21,2012-05-27,,Litterturbanken_only
2744,,DehlgrenA,Alfred Dehlgren,,DehlgrenA,True,2018-02-16,2018-02-16,,Litterturbanken_only
2745,,BurgensisJM,Joachimus Martini Burgensis,,BurgensisJM,True,2018-02-07,2018-02-07,,Litterturbanken_only
2746,,KrookN,Nils Krook,,KrookN,True,2018-02-04,2018-02-04,,Litterturbanken_only
2748,,HeldvadN,Niels Heldvad,,HeldvadN,True,2018-02-04,2018-02-04,,Litterturbanken_only
2747,,HasselbladFW,Fritz W. Hasselblad & Co.,,HasselbladFW,True,2018-02-04,2018-02-04,,Litterturbanken_only
2786,,HaskåI,Inger Haskå,,HaskaI,True,2018-02-02,2015-08-04,,Litterturbanken_only
2751,,DahlinG,Gustaf Dahlin,,DahlinG,True,2018-01-18,2018-01-18,,Litterturbanken_only
2749,,GustavssonLagerA,Alvar Gustavsson-Lager,,GustavssonLagerA,True,2018-01-18,2018-01-18,,Litterturbanken_only
2752,,CarpelanJA,J. A. Carpelan,,CarpelanJA,True,2017-11-21,2017-11-21,,Litterturbanken_only
2754,,BSK,Bellmanssällskapet,Q10427902,BSK,True,2017-10-26,2017-10-26,,Litterturbanken_only
2755,,GlinkaF,Fjodor Nikolajevitj Glinka,,GlinkaF,True,2017-09-25,2017-09-25,,Litterturbanken_only
2756,,ForssmanCS,Carl Samuel Forssman,,ForssmanCS,True,2017-09-25,2017-09-25,,Litterturbanken_only
2806,,DahlströmSO,Samuel Olof Dahlström,,DahlstromSO,True,2017-05-10,2010-10-19,,Litterturbanken_only
2808,,BergboS,Skogekär Bergbo,Q2292803,BergboS,True,2017-05-10,2010-03-01,,Litterturbanken_only
2807,,DulciU,Utile Dulci,Q10711493,DulciU,True,2017-05-10,2010-10-19,,Litterturbanken_only
2803,,GeijerstamN,Nennie af Geijerstam,,GeijerstamN,True,2017-05-10,2012-08-20,,Litterturbanken_only
2758,,FriederichM,Mattheus Friederich,,FriederichM,True,2017-05-08,2017-05-08,,Litterturbanken_only
2759,,BjörklundJ,J. Björklund,,BjorklundJ,True,2017-04-12,2017-04-12,,Litterturbanken_only
2760,,AkerhielmJ,Jacob Åkerhielm,,AkerhielmJ,True,2017-03-07,2017-03-07,,Litterturbanken_only
2761,,HallartLN,Ludvig Nicolaus Freiherr von Hallart,,HallartLN,True,2017-02-13,2017-02-13,,Litterturbanken_only
2762,,AbomJ,Johan Johansson Åbom,,AbomJ,True,2017-02-10,2017-02-10,,Litterturbanken_only
2765,,CrafoordJJ,Jakob Johan Crafoord,,CrafoordJJ,True,2017-02-09,2017-02-06,,Litterturbanken_only
2763,,HardO,Olof Hård,,HardO,True,2017-02-09,2017-02-09,,Litterturbanken_only
2764,,FriskN,Nils Frisk,,FriskN,True,2017-02-09,2017-02-09,,Litterturbanken_only
2769,,NyblomA,Andreas Nyblom,,NyblomA,True,2016-11-22,2016-11-22,,Litterturbanken_only
2770,,HedlundM,Monica Hedlund,,HedlundM,True,2016-11-16,2016-11-16,,Litterturbanken_only
2772,,LeyoncronaC,Christoffer Leyoncrona,,LeyoncronaC,True,2016-11-16,2016-11-16,,Litterturbanken_only
2773,,RemenF,Folke Remén,,RemenF,True,2016-11-15,2016-11-15,,Litterturbanken_only
2784,,GustavssonP,Pamela Gustavsson,,GustavssonP,True,2016-09-16,2015-08-05,,Litterturbanken_only
2775,,FredianiCG,Carl Gustaf Frediani,,FredianiCG,True,2016-09-08,2016-09-08,,Litterturbanken_only
2776,,HallanderT,Tore Hållander,,HallanderT,True,2016-05-10,2016-05-10,,Litterturbanken_only
2789,,Addäos,Addäos,,Addaos,True,2016-04-12,2014-08-22,,Litterturbanken_only
2778,,BergCG,Carl Gustaf Berg,,BergCG,True,2016-04-11,2016-04-11,,Litterturbanken_only
2779,,GoranssonE,Elisabeth Göransson,,GoranssonE,True,2016-03-21,2016-03-21,,Litterturbanken_only
2780,,HeidenstamGD,Gustaf Daniel von Heidenstam,,HeidenstamGD,True,2016-02-15,2016-02-15,,Litterturbanken_only
2805,,HelledayR,Rune Helleday,,HelledayR,True,2015-11-12,2012-04-09,,Litterturbanken_only
2781,,EkelöfCU,Carl Ulric Ekelöf,,EkelofCU,True,2015-10-12,2015-10-12,,Litterturbanken_only
2785,,HellquistM,Magdalena Hellquist,,HellquistM,True,2015-08-05,2015-08-05,,Litterturbanken_only
2783,,HansonÅH,Åke-Hugo Hanson,,HansonAH,True,2015-08-05,2015-08-05,,Litterturbanken_only
2787,,BörjessonL,Lars Börjesson,,BorjessonL,True,2015-03-23,2015-03-23,,Litterturbanken_only
2788,,EkmanHG,Hans-Göran Ekman,,EkmanHG,True,2014-09-23,2014-09-23,,Litterturbanken_only
2792,,Antiphilus,Antiphilus,,Antiphilus,True,2014-08-22,2014-08-22,,Litterturbanken_only
2790,,Apollonidas,Apollonidas,,Apollonidas,True,2014-08-22,2014-08-22,,Litterturbanken_only
2791,,Asklepiades,Asklepiades,,Asklepiades,True,2014-08-22,2014-08-22,,Litterturbanken_only
2799,,GravesP,Peter Graves,,GravesP,True,2014-06-08,2014-02-11,,Litterturbanken_only
2793,,DagsdóttirU,Úlfhildur Dagsdóttir,,DagsdottirU,True,2014-03-17,2014-03-17,,Litterturbanken_only
2797,,HagebergA,Arnbjørg Hageberg,,HagebergA,True,2014-03-17,2014-03-14,,Litterturbanken_only
2796,,BorgehammarS,Stephan Borgehammar,,BorgehammarS,True,2014-03-14,2014-03-14,,Litterturbanken_only
2795,,HelavuoriHL,Hanna-Leena Helavuori,,HelavuoriHL,True,2014-03-14,2014-03-14,,Litterturbanken_only
2794,,HapuliR,Ritva Hapuli,,HapuliR,True,2014-03-14,2014-03-14,,Litterturbanken_only
2798,,GunnarssonI,Ingrid Gunnarsson,,GunnarssonI,True,2014-03-13,2014-03-13,,Litterturbanken_only
2810,,SGS,Förteckningar över Strindbergs Gröna Säcken,,SGS,True,,,,Litterturbanken_only
2811,,HerbertsC,Carola Herberts,,HerbertsC,True,,,,Litterturbanken_only
2812,,HesseliusP,Petrus Hesselius,,HesseliusP,True,,,,Litterturbanken_only
2813,,HilselingGG,G. G. Hilseling,,HilselingGG,True,,,,Litterturbanken_only
2814,,HinderakerÅ,Åse Hinderaker,,HinderakerA,True,,,,Litterturbanken_only
2815,,HinnelDC,Daniel Christopher Hinnel,,HinnelDC,True,,,,Litterturbanken_only
2816,,HjordtVetlesenIL,Inger-Lise Hjordt-Vetlesen,,HjordtVetlesenIL,True,,,,Litterturbanken_only
2817,,HodellD,Daniel L. Hodell,,HodellD,True,,,,Litterturbanken_only
2818,,HolmBodil,Bodil Holm,,HolmBodil,True,,,,Litterturbanken_only
2819,,HolmLars,Lars Holm,,HolmLars,True,,,,Litterturbanken_only
2820,,HolmO,Olof Holm,,HolmO,True,,,,Litterturbanken_only
2821,,HolmiusNN,Nicolaus Nicolai Holmius,,HolmiusNN,True,,,,Litterturbanken_only
2822,,HolmquistI,Ingrid Holmquist,,HolmquistI,True,,,,Litterturbanken_only
2823,,HolménB,Bengt Holmén,,HolmenB,True,,,,Litterturbanken_only
2824,,HolménG,Gertrude Holmén,,HolmenG,True,,,,Litterturbanken_only
2825,,HumbleCO,Christopher Olofsson Humble,,HumbleCO,True,,,,Litterturbanken_only
2826,,HynesJ,John Hynes,,HynesJ,True,,,,Litterturbanken_only
2827,,HöjerT,Torgny Höjer,,HojerT,True,,,,Litterturbanken_only
2828,,HökkäT,Tuula Hökkä,,HokkaT,True,,,,Litterturbanken_only
2829,,HörnströmM,Marianne Hörnström,,HornstromM,True,,,,Litterturbanken_only
2830,,IngelmanGG,Georg Gabriel Ingelman,,IngelmanGG,True,,,,Litterturbanken_only
2831,,IngemannBS,Berhard Severin Ingemann,,IngemannBS,True,,,,Litterturbanken_only
2832,,JohannesMatthaei,Johannes Matthæi,,JohannesMatthaei,True,,,,Litterturbanken_only
2833,,JohannesPetri,Johannes Petri Nericius,,JohannesPetri,True,,,,Litterturbanken_only
2834,,JohanssonS,Sune Johansson,,JohanssonS,True,,,,Litterturbanken_only
2835,,JonssonCJ,Carl Johan Jonsson i Mörkhult,,JonssonCJ,True,,,,Litterturbanken_only
2836,,JonssonG,Gunilla Jonsson,,JonssonG,True,,,,Litterturbanken_only
2837,,JonssonJ,Josef Jonsson,,JonssonJ,True,,,,Litterturbanken_only
2838,,JorumI,Ika Jorum,,JorumI,True,,,,Litterturbanken_only
2839,,JosephsonM,M. Josephson,,JosephsonM,True,,,,Litterturbanken_only
2840,,JuveliusE,Eric Juvelius,,JuveliusE,True,,,,Litterturbanken_only
2841,,JönssonAM,Ann-Mari Jönsson,,JonssonAM,True,,,,Litterturbanken_only
2842,,KalkarG,Georg Kalkar,,KalkarG,True,,,,Litterturbanken_only
2843,,KalmeterA,Anton Kalmeter,,KalmeterA,True,,,,Litterturbanken_only
2844,,KarlssonM,Maria Karlsson,,KarlssonM,True,,,,Litterturbanken_only
2845,,KiellbergE,Eric Kiellberg,,KiellbergE,True,,,,Litterturbanken_only
2846,,KielmannJ,Julia Kielmann,,KielmannJ,True,,,,Litterturbanken_only
2847,,KlitgaardPovlsenK,Karen Klitgaard Povlsen,,KlitgaardPovlsenK,True,,,,Litterturbanken_only
2848,,KnudsenSV,Susanne V. Knudsen,,KnudsenSV,True,,,,Litterturbanken_only
2849,,KofodEM,Else Marie Kofod,,KofodEM,True,,,,Litterturbanken_only
2850,,KoskullGF,Gustaf Fredrik Koskull,,KoskullGF,True,,,,Litterturbanken_only
2851,,KretzC,Camilla Kretz,,KretzC,True,,,,Litterturbanken_only
2852,,KretzL,Leif Kretz,,KretzL,True,,,,Litterturbanken_only
2853,,KuhlefeltE,Eva Kuhlefelt,,KuhlefeltE,True,,,,Litterturbanken_only
2854,,KVHAA,Kungl. Vitterhets Historie och Antikvitets Akademien,,KVHAA,True,,,,Litterturbanken_only
2855,,KällströmC,Charles Charney Källström,,KallstromC,True,,,,Litterturbanken_only
2856,,KohlerS,Sebastian Köhler,,KohlerS,True,,,,Litterturbanken_only
2857,,KönigCH,Carl Henric König,,KonigCH,True,,,,Litterturbanken_only
2858,,LagercrantzC,Catherine Lagercrantz,,LagercrantzC,True,,,,Litterturbanken_only
2859,,LambergM,Marko Lamberg,,LambergM,True,,,,Litterturbanken_only
2860,,LandellCF,Carl Fredrik Landell,,LandellCF,True,,,,Litterturbanken_only
2861,,LangåsU,Unni Langås,,LangasU,True,,,,Litterturbanken_only
2862,,LappalainenP,Päivi Lappalainen,,LappalainenP,True,,,,Litterturbanken_only
2863,,LavalCM,Carl Magnus de Laval,,LavalCM,True,,,,Litterturbanken_only
2864,,LeonidasTarent,Leonidas från Tarent,,LeonidasTarent,True,,,,Litterturbanken_only
2865,,LethJH,Jens Høier Leth,,LethJH,True,,,,Litterturbanken_only
2866,,LeufstedtGJ,Gustaf Joakim Leufstedt,,LeufstedtGJ,True,,,,Litterturbanken_only
2867,,LeutrumCM,Carl Magnus von Leutrum-Ertingen,,LeutrumCM,True,,,,Litterturbanken_only
2868,,LilliehookG,Gabriel Lilliehöök,,LilliehookG,True,,,,Litterturbanken_only
2869,,LillqvistH,Holger Lillqvist,,LillqvistH,True,,,,Litterturbanken_only
2870,,LinckeFA,Fredric Albrecht Lincke,,LinckeFA,True,,,,Litterturbanken_only
2871,,LindahlGE,Gustafva Eleonora Lindahl,,LindahlGE,True,,,,Litterturbanken_only
2872,,LindellI,Inger Lindell,,LindellI,True,,,,Litterturbanken_only
2873,,LinderA,Astrid Linder,,LinderA,True,,,,Litterturbanken_only
2874,,LindhC,Carl Lindh,,LindhC,True,,,,Litterturbanken_only
2875,,LindnerM,Michael Lindner,,LindnerM,True,,,,Litterturbanken_only
2876,,LindqvistF,Fredrika Lindqvist,,LindqvistF,True,,,,Litterturbanken_only
2877,,LindströmH,Hans Lindström,,LindstromH,True,,,,Litterturbanken_only
2878,,LindströmJE,Johan Erik Lindström,,LindstromJE,True,,,,Litterturbanken_only
2879,,LivinZ,Zacharias Livin,,LivinZ,True,,,,Litterturbanken_only
2880,,LjungbergCF,Carl Fredric Ljungberg,,LjungbergCF,True,,,,Litterturbanken_only
2881,,LundbergS,Samuel Paulson Lundberg,,LundbergS,True,,,,Litterturbanken_only
2882,,MallienG,Georg Mallien,,MallienG,True,,,,Litterturbanken_only
2883,,MalmbergL,Lena Malmberg,,MalmbergL,True,,,,Litterturbanken_only
2884,,MartinauAE,Anna Elisabeth Martinau,,MartinauAE,True,,,,Litterturbanken_only
2885,,MelkorstadindalMA,Magnus Andrae Melkorstadindal,,MelkorstadindalMA,True,,,,Litterturbanken_only
2886,,MenabenusA,Apollonius Menabenus,,MenabenusA,True,,,,Litterturbanken_only
2887,,MeurerBongardtJ,Judith Meurer-Bongardt,,MeurerBongardtJ,True,,,,Litterturbanken_only
2888,,MiocevicL,Ljubica Miočević,,MiocevicL,True,,,,Litterturbanken_only
2889,,MolanderBeyerM,Marianne Molander Beyer,,MolanderBeyerM,True,,,,Litterturbanken_only
2890,,MortensenB,Birgit Mortensen,,MortensenB,True,,,,Litterturbanken_only
2891,,Moschos,Moschos,,Moschos,True,,,,Litterturbanken_only
2892,,MunckK,Kerstin Munck,,MunckK,True,,,,Litterturbanken_only
2893,,MörnerSC,Stellan Christer Mörner,,MornerSC,True,,,,Litterturbanken_only
2894,,MørchHansenA,Anne Mørch-Hansen,,MorchHansenA,True,,,,Litterturbanken_only
2895,,NejmanAC,A. C. Nejman,,NejmanAC,True,,,,Litterturbanken_only
2896,,NikulaK,Kristina Nikula,,NikulaK,True,,,,Litterturbanken_only
2897,,NilssonBrüggeA,Anne Nilsson Brügge,,NilssonBruggeA,True,,,,Litterturbanken_only
2898,,NilssonB,Barbro Nilsson,,NilssonB,True,,,,Litterturbanken_only
2899,,NilssonT,Torbjörn Nilsson,,NilssonT,True,,,,Litterturbanken_only
2900,,NordbergK,Krister Nordberg,,NordbergK,True,,,,Litterturbanken_only
2901,,NordenhielmS,Sven Nordenhielm,,NordenhielmS,True,,,,Litterturbanken_only
2902,,NordgrenE,Elisabeth Nordgren,,NordgrenE,True,,,,Litterturbanken_only
2903,,NordmanE,Erik Nordman,,NordmanE,True,,,,Litterturbanken_only
2904,,NorlingGC,Carl Gustaf Norling,,NorlingGC,True,,,,Litterturbanken_only
2905,,NorrmanT,Tyra Norrman,,NorrmanT,True,,,,Litterturbanken_only
2906,,NorsberghJM,J. Magnus Norsbergh,,NorsberghJM,True,,,,Litterturbanken_only
2907,,NyqvistK,Kerstin Nyqvist,,NyqvistK,True,,,,Litterturbanken_only
2908,,NyströmJM,Justina Margareta Nyström,,NystromJM,True,,,,Litterturbanken_only
2909,,OlaiP,Petrus Olai Vadstenensis,,OlaiP,True,,,,Litterturbanken_only
2910,,OljelundL,Lars Oljelund,,OljelundL,True,,,,Litterturbanken_only
2911,,OlofssonH,Hans Olofsson,,OlofssonH,True,,,,Litterturbanken_only
2912,,OlovssonP,Peter Olovsson,,OlovssonP,True,,,,Litterturbanken_only
2913,,OstermanJ,Justus Osterman,,OstermanJ,True,,,,Litterturbanken_only
2914,,PalmbergE,Eva Palmberg,,PalmbergE,True,,,,Litterturbanken_only
2915,,PaneliusO,Olav Panelius,,PaneliusO,True,,,,Litterturbanken_only
2916,,PapeLW,Lis Wedell Pape,,PapeLW,True,,,,Litterturbanken_only
2917,,PedersenToftegaardA,Arne Toftegaard Pedersen,,PedersenToftegaardA,True,,,,Litterturbanken_only
2918,,PedersenK,Katja Pedersen,,PedersenK,True,,,,Litterturbanken_only
2919,,PedersenR,Rita Pedersen,,PedersenR,True,,,,Litterturbanken_only
2920,,PernlerSE,Sven-Erik Pernler,,PernlerSE,True,,,,Litterturbanken_only
2921,,PetersonCP,C. P.  Peterson,,PetersonCP,True,,,,Litterturbanken_only
2922,,PeterssonIL,Inga-Lisa Petersson,,PeterssonIL,True,,,,Litterturbanken_only
2923,,PhilippusThessalonike,Philippus från Thessalonike,,PhilippusThessalonike,True,,,,Litterturbanken_only
2924,,PiroliT,Tomasso Piroli,,PiroliT,True,,,,Litterturbanken_only
2925,,PlanbergP,Peter Planberg,,PlanbergP,True,,,,Litterturbanken_only
2926,,PlantinEZ,Esaias Zachariae Plantin,,PlantinEZ,True,,,,Litterturbanken_only
2927,,PoppelmanE,Elieser Poppelman,,PoppelmanE,True,,,,Litterturbanken_only
2928,,PoratD,Didrik von Porat,,PoratD,True,,,,Litterturbanken_only
2929,,RademineCE,Carl Eric Rademine,,RademineCE,True,,,,Litterturbanken_only
2930,,RahmKJ,Karl Johan Rahm,,RahmKJ,True,,,,Litterturbanken_only
2931,,RajalaB,Britt Rajala,,RajalaB,True,,,,Litterturbanken_only
2932,,RastainiF,Francesco Rastaini,,RastainiF,True,,,,Litterturbanken_only
2933,,RehnNA,Nicolaus Andreæ Rehn,,RehnNA,True,,,,Litterturbanken_only
2934,,ReslowW,Wilhelm Reslow,,ReslowW,True,,,,Litterturbanken_only
2935,,RibbingE,Elsa Ribbing,,RibbingE,True,,,,Litterturbanken_only
2936,,RichardAB,Anne Birgitte Richard,,RichardAB,True,,,,Litterturbanken_only
2937,,RichterR,Ragnhildur Richter,,RichterR,True,,,,Litterturbanken_only
2938,,RisHN,Hans Nicolaus Ris,,RisHN,True,,,,Litterturbanken_only
2939,,RisbergHC,Hans Christian Risberg,,RisbergHC,True,,,,Litterturbanken_only
2940,,RitoJ,Julio Rito,Q77593113,RitoJ,True,,,,Litterturbanken_only
2941,,RosensteinS,Samuel Rosenstein,,RosensteinS,True,,,,Litterturbanken_only
2942,,RostbøllBF,Benedikte Fough Rostbøll,,RostbollBF,True,,,,Litterturbanken_only
2943,,RosénJA,Johan August Rosén,,RosenJA,True,,,,Litterturbanken_only
2944,,RothSO,Sven Olof Roth,,RothSO,True,,,,Litterturbanken_only
2945,,RubensP,Peter Rubens,,RubensP,True,,,,Litterturbanken_only
2946,,RudénT,Thorsten Rudén,,RudenT,True,,,,Litterturbanken_only
2947,,RundahlJ,Johan Rundahl,,RundahlJ,True,,,,Litterturbanken_only
2948,,RunnqvistE,Ernst Runnqvist,,RunnqvistE,True,,,,Litterturbanken_only
2949,,RydenT,Thomas Rydén,,RydenT,True,,,,Litterturbanken_only
2950,,RäftegårdB,Börje Räftegård,,RaftegardB,True,,,,Litterturbanken_only
2951,,RådbergI,Ingemar Rådberg,,RadbergI,True,,,,Litterturbanken_only
2952,,RöhlMagnus,Magnus Röhl,,RohlMagnus,True,,,,Litterturbanken_only
2953,,RønningAB,Anne Birgitte Rønning,,RonningAB,True,,,,Litterturbanken_only
2954,,Sadi,Sadi,,Sadi,True,,,,Litterturbanken_only
2955,,SaléR,Romble Salé,,SaleR,True,,,,Litterturbanken_only
2956,,Sanai,Abu al-Majd Majdud ibn Adam Sanaʼi al-Ghaznavi,,Sanai,True,,,,Litterturbanken_only
2957,,SandbergAnna,Anna Sandberg,,SandbergAnna,True,,,,Litterturbanken_only
2958,,SandersK,Karin Sanders,,SandersK,True,,,,Litterturbanken_only
2959,,SandlundB,Bertha Sandlund,,SandlundB,True,,,,Litterturbanken_only
2960,,SandströmHJ,Hinrik Jakob Sandström,,SandstromHJ,True,,,,Litterturbanken_only
2961,,SarrimoC,Cristine Sarrimo,,SarrimoC,True,,,,Litterturbanken_only
2962,,SavarinP,Pehr Savarin,,SavarinP,True,,,,Litterturbanken_only
2963,,SchröderSM,Stephan Michael Schröder,,SchroderSM,True,,,,Litterturbanken_only
2964,,SchönheitJH,Johan Heinrich Schönheit,,SchonheitJH,True,,,,Litterturbanken_only
2965,,ScottSørensenA,Anne Scott Sørensen,,ScottSorensenA,True,,,,Litterturbanken_only
2966,,SegermanL,Lars Segerman,,SegermanL,True,,,,Litterturbanken_only
2967,,SellegrenP,Peter Sellegren,,SellegrenP,True,,,,Litterturbanken_only
2968,,SellingAM,A. M. Selling,,SellingAM,True,,,,Litterturbanken_only
2969,,ServiusA,Andreas Servius,,ServiusA,True,,,,Litterturbanken_only
2970,,SeulenbergHM,Henrik Mathias von Seulenberg,,SeulenbergHM,True,,,,Litterturbanken_only
2971,,SigsjoR,Ragnar Sigsjö,,SigsjoR,True,,,,Litterturbanken_only
2972,,SilentzN,Nils de Silentz,,SilentzN,True,,,,Litterturbanken_only
2973,,SiltmannDN,David Nathanael von Siltmann,,SiltmannDN,True,,,,Litterturbanken_only
2974,,SjöbeckHF,Håkan Fredrik Sjöbeck,,SjobeckHF,True,,,,Litterturbanken_only
2975,,SjöstedtNÅ,Nils Åke Sjöstedt,,SjostedtNA,True,,,,Litterturbanken_only
2976,,SjöögrenSM,Sofia Magdalena Sjöögren,,SjoogrenSM,True,,,,Litterturbanken_only
2977,,SSHS,Skara stiftshistoriska sällskap,,SSHS,True,,,,Litterturbanken_only
2978,,SköldbergPB,Pehr Benjamin Sköldberg,,SkoldbergPB,True,,,,Litterturbanken_only
2979,,SmedbergN,Nils Smedberg,,SmedbergN,True,,,,Litterturbanken_only
2980,,SmedmarkCR,Carl Reinhold Smedmark,,SmedmarkCR,True,,,,Litterturbanken_only
2981,,SmepustEL,Erik Larsson Dahlgren Smepust,,SmepustEL,True,,,,Litterturbanken_only
2982,,SnickarsAC,Ann-Christine Snickars,,SnickarsAC,True,,,,Litterturbanken_only
2983,,SnoilskyCE,Carl Emanuel Snoilsky,,SnoilskyCE,True,,,,Litterturbanken_only
2984,,SnyggBO,Bror Oskar Snygg,,SnyggBO,True,,,,Litterturbanken_only
2985,,SodemannML,Marie Louise Sodemann,,SodemannML,True,,,,Litterturbanken_only
2986,,SolstrandH,Helena Solstrand,,SolstrandH,True,,,,Litterturbanken_only
2987,,SolstrandPippingH,Helena Solstrand-Pipping,,SolstrandPippingH,True,,,,Litterturbanken_only
2988,,SommeliusM,Magnus Sommelius,,SommeliusM,True,,,,Litterturbanken_only
2989,,SpensKG,Karl Gustaf Spens,,SpensKG,True,,,,Litterturbanken_only
2990,,SperlingCHP,C. H. P. Sperling,,SperlingCHP,True,,,,Litterturbanken_only
2991,,SpolénH,Hans Spolén,,SpolenH,True,,,,Litterturbanken_only
2992,,StenbergL,Lisbeth Stenberg,,StenbergL,True,,,,Litterturbanken_only
2993,,StierncrantzP,Per Stierncrantz,,StierncrantzP,True,,,,Litterturbanken_only
2994,,StockenströmG,Göran Stockenström,,StockenstromG,True,,,,Litterturbanken_only
2995,,StrandJ,Johnny Strand,,StrandJ,True,,,,Litterturbanken_only
2996,,SIOFF,Strindberg i offentligheten (projekt),,SIOFF,True,,,,Litterturbanken_only
2997,,StrindbergZ,Zacharias Strindberg,,StrindbergZ,True,,,,Litterturbanken_only
2998,,SSK,Strindbergssällskapet,,SSK,True,,,,Litterturbanken_only
2999,,StrangA,Arne Sträng,,StrangA,True,,,,Litterturbanken_only
3000,,StåhlCJ,Carl Johan Ståhl,,StahlCJ,True,,,,Litterturbanken_only
3001,,StåhlEB,Eva-Britta Ståhl,,StahlEB,True,,,,Litterturbanken_only
3002,,SvenbergE,Emanuel Svenberg,,SvenbergE,True,,,,Litterturbanken_only
3003,,SvenoNicolai,Sveno Nicolai Gudhemius,,SvenoNicolai,True,,,,Litterturbanken_only
3004,,SvenskaAkademien,Svenska Akademien,Q207360,SvenskaAkademien,True,,,,Litterturbanken_only
3005,,SveLitt,Svenska Litteratursällskapet,,SveLitt,True,,,,Litterturbanken_only
3006,,SFS,Svenska fornskriftsällskapet,Q10685340,SFS,True,,,,Litterturbanken_only
3007,,SSAG,Svenska sällskapet för antropologi och geografi,Q7654863,SSAG,True,,,,Litterturbanken_only
3008,,SvenssonJ,Jon Svensson,,SvenssonJ,True,,,,Litterturbanken_only
3009,,SvenssonM,Marie Svensson,,SvenssonM,True,,,,Litterturbanken_only
3010,,SætherA,Astrid Sæther,,SaetherA,True,,,,Litterturbanken_only
3011,,TalmeP,Peter Talme,,TalmeP,True,,,,Litterturbanken_only
3012,,Tankebyggarorden,Tankebyggarorden,Q7683531,Tankebyggarorden,True,,,,Litterturbanken_only
3013,,TeddeI,Ilaria Tedde,,TeddeI,True,,,,Litterturbanken_only
3014,,ThingwallJ,Johan Thingwall,,ThingwallJ,True,,,,Litterturbanken_only
3015,,ThistedK,Kirsten Thisted,,ThistedK,True,,,,Litterturbanken_only
3016,,ThomasPetri,Thomas Petri Gevaliensis,,ThomasPetri,True,,,,Litterturbanken_only
3017,,ThomsenBT,Bjarne Thorup Thomsen,,ThomsenBT,True,,,,Litterturbanken_only
3018,,ThorinusAN,Andreas Nicolai Thorinus,,ThorinusAN,True,,,,Litterturbanken_only
3019,,ThraneL,Lotte Thrane,,ThraneL,True,,,,Litterturbanken_only
3020,,ThygesenL,Lis Thygesen,,ThygesenL,True,,,,Litterturbanken_only
3021,,Thyillos,Thyillos,,Thyillos,True,,,,Litterturbanken_only
3022,,TidströmK,Karin Tidström,,TidstromK,True,,,,Litterturbanken_only
3023,,TroiliusJ,Jacob Troilius,,TroiliusJ,True,,,,Litterturbanken_only
3024,,TurseniusL,Lars Tursenius,,TurseniusL,True,,,,Litterturbanken_only
3025,,TörnbohmM,M. Törnbohm,,TornbohmM,True,,,,Litterturbanken_only
3026,,TörnerJJ,Johan Johansson Törner,,TornerJJ,True,,,,Litterturbanken_only
3027,,UlrichFDD,Friedrich Didrich Daniel Ulrich,,UlrichFDD,True,,,,Litterturbanken_only
3028,,UndhagenCG,Carl-Gustaf Undhagen,,UndhagenCG,True,,,,Litterturbanken_only
3029,,VapaavuoriA,Anneli Vapaavuori,,VapaavuoriA,True,,,,Litterturbanken_only
3030,,VederhusI,Inger Vederhus,,VederhusI,True,,,,Litterturbanken_only
3031,,VictorinH,Hugo Victorin,,VictorinH,True,,,,Litterturbanken_only
3032,,VilhelmsenI,Isabell Vilhelmsen,,VilhelmsenI,True,,,,Litterturbanken_only
3033,,WadstenCF,Carl Friedric Wadsten,,WadstenCF,True,,,,Litterturbanken_only
3034,,WahlgrenV,Vilhelmina Wahlgren,,WahlgrenV,True,,,,Litterturbanken_only
3035,,WahlströmM,Maria Wahlström,,WahlstromM,True,,,,Litterturbanken_only
3036,,WalckeSH,Sven Henric Walcke,,WalckeSH,True,,,,Litterturbanken_only
3037,,WallE,Eric Wall,,WallE,True,,,,Litterturbanken_only
3038,,WallbergJ,Jonas Wallberg,,WallbergJ,True,,,,Litterturbanken_only
3039,,WalraffJG,Johann Gothard Walraff,,WalraffJG,True,,,,Litterturbanken_only
3040,,WeigelC,Cristoph Weigel,,WeigelC,True,,,,Litterturbanken_only
3041,,WennerdahlWA,Wilhelm Anders Wennerdahl,,WennerdahlWA,True,,,,Litterturbanken_only
3042,,WestermanA,Andreas Westerman,,WestermanA,True,,,,Litterturbanken_only
3043,,WisockiHochmuthL,L. Wisocki-Hochmuth,,WisockiHochmuthL,True,,,,Litterturbanken_only
3044,,WretöT,Tore Wretö,,WretoT,True,,,,Litterturbanken_only
3045,,ZimmermanCA,Carl August Zimmerman,,ZimmermanCA,True,,,,Litterturbanken_only
3046,,ZinkPN,Phil Nik. Zink,,ZinkPN,True,,,,Litterturbanken_only
3047,,Zonas,Zonas,,Zonas,True,,,,Litterturbanken_only
3048,,ÖbergLT,Ludvig Teodor Öberg,,ObergLT,True,,,,Litterturbanken_only
3049,,OhmanFA,Frans August Öhman,,OhmanFA,True,,,,Litterturbanken_only
