skblid,wid
ZarahLeander,Q46479
Sofiadrottning,Q130408
AnitaEkberg,Q230662
LovisaUlrikadrottning,Q234251
HedvigElisabetCharlottadrottning,Q236208
SofiaAlbertinaprinsessa,Q261929
ElinWagner,Q270468
AlfhildTamm,Q302106
AnnaBranting,Q434056
HannaPauli,Q436803
AuroravonKonigsmarck,Q440427
ValborgAulin,Q451402
TorunBulowHube,Q458135
KatarinaTaikon,Q466523
IngegerdTroedsson,Q517762
MartaHelenaReenstiernaArstafrun,Q517853
SophieAdolphineAdlersparre,Q531174
AnnaLisaWarnlof,Q561698
JennyNystrom,Q3100592
MariaRohl,Q3307830
AnnaMariaThelott,Q3307858
EvaRemaeus,Q3373253
CarinMannheimer,Q3427896
MarianneLofgren,Q3431866
SophieHagman,Q3490945
TuijaLydiaElisabethLindstrom,Q4262020
AgdaMontelius,Q4691673
AgdaRossel,Q4691675
AgnesBorjesson,Q4693023
AnnaMyrberg,Q4767368
MartaAfzelius,Q4933996
CatharinaAhlgren,Q4934495
EvaAlexanderson,Q4934869
AnneMarieAlfvenEriksson,Q4934997
AnnastinaAlkman,Q4935076
GretaArwidsson,Q4936707
SallyBauer,Q4937741
KajBeckman,Q4937885
IngridBjornberg,Q4939369
SigneBjornbergSiggeStark,Q4939373
SigridBlomberg,Q4939597
CarinMargaretaBoalt,Q4939679
ElsaBorg,Q4940090
CatharinaBroome,Q4940818
EmiliaBroome,Q4940821
ElinCederblom,Q4942361
MonaLisaEnglund,Q4943626
SiriDahlquist,Q4944048
BeatriceDickson,Q4944790
DagmarEbbesen,Q4945608
FredrikaEhrenborg,Q4945884
HelenaEkblomPredikareLena,Q4946043
AnnElefalk,Q4946278
BritaElmen,Q4946541
PhebeFjellstrom,Q4948221
LouiseFlodin,Q4948326
EmiliaFogelklou,Q4948398
SofiaGumaelius,Q4951333
KjerstinGoranssonLjungman,Q4951765
LouiseEuphrosyneHagberg,Q4951912
EllenRoosvalvonHallwyl,Q4952238
AttiJohansson,Q4956904
HannaCeciliaCillaJohnson,Q4957160
NinniKronberg,Q4959967
OlgaLanner,Q4960861
AnnaLarsson,Q4961034
SigridLeijonhufvud,Q4961641
GertrudLilja,Q4962138
EsterLindin,Q4962841
MariaMagdalenaMathsdotter,Q4966313
HelenaMunktell,Q4968368
AliceNordin,Q4970016
EllenMargitIngridNordin,Q4970041
IdaNorrby,Q4970301
AnnaMajaNylen,Q4970585
JeannaOterdahl,Q4971468
IngridPersson,Q4972531
GulliPetrini,Q4972683
MarianneRichter,Q4974748
BirgitRodhe,Q4975172
ElsiRydsjo,Q4976163
NaimaSahlbom,Q4976473
AnnaSandstrom,Q4976947
MartinavonSchwerin,Q4977687
MariSimmulson,Q4978657
AnnaEvaElisabetSparre,Q4979782
IngegerdStadener,Q4979923
BirgittaSvanberg,Q4981371
HilmaSvedal,Q4981407
HedvigUlfsparre,Q4983944
EdithUnnerstad,Q4984055
SigneVessman,Q4984496
DisaVastberg,Q4984930
KarinAlin,Q4986671
ElinFalk,Q4988456
EllenWester,Q4990349
KarinBirgittaWestmanBerg,Q4990395
EvaWigstrom,Q4990504
LilliZickerman,Q4990938
EllenLandquist,Q50809185
UlrikaEleonoradydrottning,Q52933
AstridLindgren,Q55767
GunillaBielke,Q235659
KarinMansdotterdrottning,Q237937
VivecaLindfors,Q267217
ChristinaNilsson,Q269812
AnneWibble,Q273408
EmilieHogqvist,Q274554
JuliaNybergEuphrosyne,Q441950
EvaBonnier,Q454670
AnnaMariaLenngren,Q459663
ElsaBrandstrom,Q469673
Eugenieprinsessa,Q526915
GunborgGunKessle,Q533330
GunHellsvik,Q1780585
MargarethaKrook,Q1799576
HarrietBosse,Q1807081
AinaBerg,Q1810888
HedvigUlrikaDelaGardie,Q2075113
IngridSandahl,Q2612894
KatieRolfsen,Q3075079
IngaTidblad,Q3136833
JulieAlixdelaFaye,Q3189176
EliseOttesenJensen,Q3355468
EvaOlliwier,Q3362808
AndreaAndreen,Q4065792
FannyBrate,Q4244039
EmmyRappe,Q4390024
AgdaOstlund,Q4691677
AlinaJagerstedt,Q4726713
BarbroOstlihn,Q4859757
EvaAdolfsson,Q4933929
SynnoveBellander,Q4938010
BirgittaBlom,Q4939571
AnnaMariaMarieCederschiold,Q4942409
CallaCurman,Q4943780
EvaEnglund,Q4946770
ElsaEschelsson,Q4947169
MollieFaustman,Q4947706
CeciliaFryxell,Q4949100
AgnesGeijer,Q4949712
EvaGothlin,Q4950540
AbelaGullbransson,Q4951314
EllaHillback,Q4954023
ElisabetHolm,Q4954452
GockenJobs,Q4956741
AstridAnderberg,Q4959409
CharlotteMannheimer,Q4965426
GerdaMeyerson,Q4967157
AsaNelvin,Q4969146
AdaNilsson,Q4969542
EsterBlendaNordstrom,Q4970156
ElsaOlenius,Q4970914
EllenPalmstierna,Q4971803
AnnaPetrusLyttkens,Q4972692
UrsulaRichter,Q4974752
GertrudSigurdsen,Q4978577
UllaSjoblom,Q4978900
MajaSjostrom,Q4979000
BirgitSparre,Q4979784
BeritSpong,Q4979854
EvaSpangberg,Q4979884
RosaTaikon,Q4981944
EvaVilhelminaJuliavonBahr,Q10492595
HjordisHjalmarsdotterHjorth,Q10524975
EmilieCharlottaRisberg,Q13563726
NellWalden,Q13581087
EvaJanckeBjork,Q15918029
BritaEgardt,Q16594631
DoraJacobsohn,Q16595323
AmaliaLundeberg,Q16595724
ThrinaLysell,Q16595748
ChristinaCharlottaHjarne,Q16596225
ElnaTenow,Q16596571
ElsaBritaNordlund,Q16946340
FilippaRolf,Q16946437
JeannaBauck,Q19422204
CelieBrunius,Q19843500
EsterClaesson,Q20871860
RosaMalmstrom,Q22696952
KerstinEidlitzKuoljok,Q22911428
AlmaAkermark,Q23988692
ElisabetWisenJobs,Q27654751
BirgitLindvall,Q28025662
BarbroHeleneSprinchorn,Q43261880
AnnaTaskomakare,Q50377582
CatharinaRenaut,Q50512401
ElisabethCronstrom,Q50512407
AnnaLisaVinberg,Q50512432
TeklaSwedlund,Q50560225
VeraStarckRomanus,Q50680702
AnnaPettersson,Q50801614
MariaLarsen,Q50804295
KarinAndren,Q50804743
HedvigRinander,Q50808027
SelmaLaman,Q50808543
IngridMonicaBruce,Q50809181
EivorAsklin,Q50810165
GretaBergstrom,Q50818781
NellyHall,Q50949373
IngridBergman,Q43247
SophiaElisabetBrenner,Q126270
AlvaMyrdal,Q152437
SonjaKovalevsky,Q184535
BirgittaBirgersdotter,Q204996
Josefinadrottning,Q229810
JennyLind,Q231345
SofiaMagdalenadrottning,Q234311
AgnesvonKrusenstjerna,Q239386
BritaKerstinGunvorBorg,Q264668
MoaMartinson,Q275893
UlricaFredricaPasch,Q276459
IngridVangNyman,Q446436
SophievonKnorring,Q450795
GunnWallgren,Q455358
HilmaAngeredStrandberg,Q462700
GustiStridsberg,Q517796
EllyJannes,Q1332619
SolveigRonnChristiansson,Q1448829
GunJacobson,Q1525689
HjordisTopel,Q1770551
HedvigCatharinaLillie,Q2403800
KimAnderzon,Q2498137
ViolaGrasten,Q2646376
EditaMorris,Q2750266
HildaBorgstrom,Q3135582
LalaSjoqvist,Q3378645
AnnaNorrie,Q3437414
BodilMalmsten,Q3439054
WendelaHebbe,Q3567227
EvaDickson,Q3815471
UlricaArfvidsson,Q4382625
EmilyNonnen,Q4414673
AgnesArvidson,Q4693008
AlmaJohansson,Q4733562
AmeliePosse,Q4742326
AnnaHammarRosen,Q4767065
AnnaStecksen,Q4767508
AnnaWhitlock,Q4767613
EuphrosyneAbrahamson,Q4933632
EsterAlmqvist,Q4935234
BarbroBackberger,Q4937165
SigridBaner,Q4937425
AnnaBehle,Q4937924
CarolinaBenedicksBruce,Q4938072
GunhildBergh,Q4938464
GertrudBergstrom,Q4938677
AnnaBoberg,Q4939691
UllaBodorff,Q4939748
SigridBrahe,Q4940370
HilmaBruno,Q4940991
IdaBackmann,Q4941461
MariaSofiaDelaGardie,Q4944388
KarinEkelund,Q4946061
ConstanceElbe,Q4946258
AndreaEneroth,Q4946697
IngeborgErixson,Q4947088
IngaFischerHjalmars,Q4948133
LinneaFjallstedt,Q4948230
EvaMargaretaFrolich,Q4949172
CatharinaCharlottaDelaGardie,Q4949504
IngelaOlofsdotterGathenhielm,Q4949622
LouiseGranberg,Q4950707
WilhelminaGravallius,Q4950818
MariaGustavaGyllenstierna,Q4951692
KarinHartman,Q4952841
EsterHenning,Q4953594
HelgaHenschen,Q4953659
BritavonHorn,Q4954781
EliseHwasser,Q4955200
MariaJohansdotter,Q4956841
SigridIdaMathildaKahle,Q4957801
HannaLindmark,Q4962859
EbbaLindqvist,Q4962886
EvaNorberg,Q4969916
ElisabethLisbethaOlofsdotter,Q4971042
ChristinaPiper,Q4972997
MaudReutersward,Q4974564
MathildaStaelvonHolstein,Q4979935
MarikaStiernstedt,Q4980514
MargaretaSuber,Q4981124
ElsaHarrietThulin,Q4982702
UllaTorpe,Q4983176
GiselaTrapp,Q4983290
EllenTrotzig,Q4983437
IdaBrander,Q4987712
MarianneWahlberg,Q4990079
GunillaWolde,Q4990686
JennyOdmann,Q4991106
EllenMoberg,Q19787859
MariaMoberg,Q40212475
EsterHermansson,Q50801541
HedvigMalmstrom,Q50803435
EsterHofvanderSandberg,Q50804672
MariaCollin,Q50804757
AnnaPreinitz,Q50804810
ElinHok,Q50804894
GretaHelms,Q50804925
GunvorBergstrom,Q50809182
ElnaPehrsson,Q50876681
CordeliaEdvardson,Q24999
SelmaLagerlof,Q44519
Kristinadrottning,Q52937
EliseLiseMeitner,Q56189
NellySachs,Q57074
AleksandraKollontaj,Q179558
KatarinaJagellonicadrottning,Q233277
EvaElisabethDahlbeck,Q239881
MonicaZetterlund,Q254527
KatarinaStenbock,Q256139
AliceBabsSjoblom,Q256809
MagdaJulin,Q267498
SigneHasso,Q268695
VictoriaBenedictsson,Q273950
SiriDerkert,Q517138
LenkeRothman,Q1251184
MariaAdelborg,Q4934185
RuthAlmen,Q4935182
MajaAnderssonWirde,Q4935735
SivArb,Q4936366
MonicaBoethius,Q4939770
JeanetteBonnier,Q4940016
MajBring,Q4940661
MajaCarlquist,Q4941884
JuneCarlsson,Q4941958
MariaCederschiold,Q4942412
NancyEriksson,Q4947061
MajFant,Q4947601
SigridFridman,Q4948953
SofiaGisberg,Q4950131
IngierdGunnarsdotter,Q4951388
IngeborgHammarskjoldReiz,Q4952405
LillyHellstrom,Q4953495
ToraVegaHolmstrom,Q4954644
MaudHusberg,Q4955136
KarinKavli,Q4958397
KarinKock,Q4959336
VeravonKrmer,Q4959702
KatarinaKraftAhnlund,Q4959709
BirgittaLilliehook,Q4962201
HeddaHansdotterLindahl,Q4962326
MathildaMalling,Q4965144
LisaMattson,Q4966432
RuthMilles,Q4967393
UllaMolin,Q4967876
VeraNilsson,Q4969725
HjordisNordinTengbom,Q4970058
HelenaAugustaNyblom,Q4970525
ThorborgRappe,Q4974085
HildaSachs,Q4976415
HildurSandberg,Q4976796
VeraSandberg,Q4976815
SigridEskilsdotterBaner,Q4978554
WilhelminaSkogh,Q4979125
HertaSvenson,Q4981512
GotaTragardh,Q4983474
KarinEk,Q4988385
HerthaHillfon,Q4988725
SofiNilsson,Q4989353
IngeborgNordinHennel,Q4989370
IngridWallberg,Q4990121
IngeborgMarianneWestman,Q4990398
EstridRodhe,Q10489243
AugustaBraunerhjelm,Q13426917
KarinAhlin,Q13534124
CatharinaWallenstedt,Q15295215
NannaBendixson,Q15728524
BeataSparre,Q15731617
MathildaDrangel,Q15813092
AnnaDahlstromNilsson,Q15845399
VivekaHeyman,Q16590970
EvelinaFahnehjelm,Q16594779
KerstinHorlinHolmquist,Q16595290
AuroravonQvanten,Q16596123
IngridDessau,Q18238379
RosalieSofieSjoman,Q18245828
CharlotteYhlenOlsen,Q19977272
AnnaSissakBardizbanian,Q21484046
BetzyAhlstrom,Q22812933
ElisabethGlantzberg,Q26389364
GunvorWallin,Q33043897
ToraSandstrom,Q38156638
HedvigCarlander,Q50377676
EmmaWretlind,Q50512405
HelfridLofquist,Q50512410
MartaBjornbom,Q50804431
MiraKakossaios,Q50804649
AnnaWikstrom,Q50804737
MariaAspman,Q50804749
KarinSchultz,Q50804791
MargvonSchwerin,Q50804821
AnnMariJansson,Q50804907
LouisevonBahr,Q50808494
MariaAnholm,Q50809980
AnnaJulieHeilborn,Q50841955
EmmaFlood,Q50842763
MaryReutersward,Q50844098
StefiPedersen,Q50846445
MarjaNordin,Q50854210
LovisaMathildaNettelbladt,Q50920082
AnnaMariaEhrenstrahl,Q371351
IngridGardeWidemar,Q406819
ElfridaAndree,Q451495
EsterRingnerLundgren,Q454629
SonjaAkesson,Q455372
AnnaLenaLofgren,Q462906
AlfhildAgrell,Q469339
SophieElkan,Q476144
AnnalisaEricson,Q580262
BirgitTengroth,Q803937
DagmarEdqvist,Q1157266
EvaEkeblad,Q1393227
MiaLecheLofgren,Q1679990
TeklaNordstrom,Q2401130
AgnesdeFrumerie,Q2827030
IngeborgAkesdotterTott,Q3026430
LovisaAhrberg,Q3243531
MareKandre,Q3743817
EbbaHenrietteBernadotte,Q4346031
SifRuud,Q4346227
AnnaBielke,Q4766985
AnnaSterky,Q4767510
AugustaLundin,Q4820946
MargitAbenius,Q4933592
MariaAdlercreutz,Q4933894
AnnaBrittAgnsater,Q4934364
ElinAmeen,Q4935442
IngridAndersson,Q4935813
KajAndersson,Q4935831
LilyBerglund,Q4938524
EllenBergman,Q4938547
MajBrihtBergstromWalan,Q4938714
MariaChristinaBruhn,Q4940924
EbbaMariaDelaGardie,Q4944386
AlmaDetthow,Q4944704
GerdEnequist,Q4946690
MarianneFrankenhaeuser,Q4948724
MarieLouiseGagner,Q4949374
EstherGehlin,Q4949708
BrittaGrondahl,Q4951174
WalborgHedberg,Q4953082
RutHillarp,Q4954003
MajHirdman,Q4954113
DorisHavik,Q4955378
SigneHojer,Q4955470
EmmaJacobsson,Q4956130
LisskullaJobs,Q4956742
BarbroJohansson,Q4956908
JuliavonSneidern,Q4958818
ElseKleen,Q4959057
GunhildKyle,Q4960259
AgnesLagerstedt,Q4960567
LenaLarsson,Q4961100
GurliLinder,Q4962635
MargaretJohanssonMargrethMaard,Q4968713
BritaOlofsdotterTott,Q4969202
CeciliaAinaNettelbrandt,Q4969234
AnnaNordlander,Q4970064
MathildaBeatrixValerianaMariadellaTrinitaGyllenhaal,Q4971348
HildurOttelin,Q4971483
MagdalenaRahm,Q4973919
EmilieRathou,Q4974163
MagdalenaRudenschold,Q4975813
AnnaRydstedt,Q4976166
SophieSager,Q4976451
MariaSandel,Q4976841
NinnanSantesson,Q4976986
MarieSophieSchwartz,Q4977660
VendelaSkytte,Q4979201
BirgittaStenberg,Q4980239
NannaSvartz,Q4981402
MargitSoderholm,Q4981822
WalborgThorsell,Q4982675
NellyThuring,Q4982770
YingToijerNilsson,Q4983037
WivecaBillquist,Q4987511
EvaLowen,Q4989142
BirgitStahlNyberg,Q4989823
AnnaWahlenberg,Q4990085
RiaWagner,Q4990759
CharlottaOberg,Q4991091
Maryrvig,Q4991147
FredriquePaijkull,Q15630257
GunBergman,Q15695053
EbbaNordenadler,Q15718105
HildaEricsson,Q18238701
LauraPetri,Q18613113
AlmaBraathen,Q20749150
BerthaNordensson,Q22666128
MartaLeijon,Q23989153
MajaBeskow,Q28025652
SiriRathsman,Q28840687
MathildaHamilton,Q28967407
AnneMarieThunberg,Q37016101
SonjaBrantingWesterstahl,Q45896660
EllenSylviaBlind,Q50368933
CarinUlin,Q50512436
WilhelminaSvensson,Q50680643
MajaSchmidt,Q50763948
EmmaIsakson,Q50799543
SophieBrahe,Q56029
AlmaSoderhjelm,Q436480
CharlottaSlottsberg,Q2961021
GretaEbbaSofiaAndren,Q4936022
KerstinAner0,Q4936057
KarinKajSofiaTenow,Q4936796
MonicaAstridStensdotterBackstrom,Q4937214
MariaRuckman,Q4948686
GunnelBeritHedeby,Q4953096
GretaHofsten,Q4954346
EditGunillaMargaretaLagerbielke,Q4960492
IdaEleonoraDavidavonSchulzenheim,Q4977618
MargrethMaggieHedvigIngegerdStephens,Q4980409
EleonoraSafstrom,Q4981730
EvaChristinaSafstrom,Q4981734
JosephineGabrielleMarcelleMeunierSainteClaire,Q4989633
FredrikaWennberg,Q4990286
HildaAndersson0,Q16157863
SophieHermansson,Q16595154
ElinaBenckert,Q23989507
SigridJohannaWikingOlsson,Q28922697
KajsaBarbroGunillaSundstrom,Q48978365
KarinLangebo,Q64618436
EbbaHolgersson,Q64698187
VeraRolander,Q99453712
ElsaKarlsson,Q99457294
IdaKonstantiaAndersson,Q99460957
KarinGunillaMargaretaLagerhemUllberg,Q99518967
MaryIngeborgStephens,Q99519861
AnnaHelenaAnnaLenaPeterson,Q99548379
EllenAnnaMariaHilberth,Q99735382
AnnaAhrenberg,Q99735823
BritaEkelundStark,Q99753842
KatalinKatieBorg,Q99756568
NataliaFrolander,Q99776118
LouiseHammarstrom,Q7482
AnitaBjork,Q237766
EllenKey,Q238443
Ceciliaprinsessa,Q271940
SaraLidman,Q287784
ElsaGrave,Q372612
BirgitCullberg,Q435063
NaimaWifstrand,Q446668
HedvigCharlottaNordenflycht,Q450744
KerstinThorvall,Q457009
KarinLarsson,Q462529
SophievonFersen,Q469962
IngeborgSjoqvist,Q543295
AnnaMansdotter,Q562622
ElinafSkovde,Q660198
BirgittaWolf,Q865398
MimiPollak,Q915034
KarinBjorquist,Q1729401
AaseNordmoLvberg,Q1778583
HjordisPetterson,Q1799026
MaryvonRosen,Q3296276
VivekaSeldahl,Q3427867
ElsaStinaLarsdotterLaulaRenberg,Q4129778
AnnaSkytte,Q4504908
BarbroAlvingBang,Q4568363
AgnetaHorn,Q4693164
AnnaBuggeWicksell,Q4766891
AnnaHiertaRetzius,Q4767080
HeddaAndersson,Q4793761
BettyPettersson,Q4898950
LissiAlandh,Q4934729
SofiAlmquist,Q4935223
EbonAndersson,Q4935783
SigneBergman,Q4938592
AstridBergmanSucksdorff,Q4938604
EvaBillow,Q4939045
UllaBjerne,Q4939194
MartaBoman,Q4939940
EbbaAugustaBostrom,Q4940209
AgnesBranting,Q4940450
SickanCarlsson,Q4941990
AnnaChristensen,Q4942811
AgnesCleve,Q4943098
CharlottadAlbedyhll,Q4944091
AnnaMargarethaDonner,Q4945030
CatharinaChristinaUdden,Q4946172
AnnaLenahElgstrom,Q4946350
RandiFisher,Q4948155
HuldaFlood,Q4948342
AnnalisaForssberger,Q4948580
JohannaEleonoraDelaGardie,Q4949508
KatjaGeiger,Q4949710
IngridHammarstrom,Q4952414
BethHennings,Q4953596
ElisabetKagerman,Q4960336
HuldaLundin,Q4964144
GretaMagnussonGrossman,Q4964982
HelenaMalheim,Q4965112
GunhildPalmqvist,Q4971796
EmerentiaPauli,Q4972098
EmiliePetersen,Q4972612
GerdRibbing,Q4974648
JosabethSjoberg,Q4978878
ElsaStenhammar,Q4980310
IngaThorsson,Q4982683
GaboFalk,Q4988457
UlrikaStromfelt,Q4989818
AnnaGretaWide,Q4990447
EvaWinther,Q4990642
EdithAnrep,Q5338493
EivorOlssonLagman,Q5350075
AlmaSundquist,Q15734590
EllaOdstedt,Q16596006
AnnaBirgittaRooth,Q16596197
DaisySchalling,Q16596293
AmySegerstedt,Q16596333
AnnaCatharinaWefwerstedt,Q16596432
RuthSvensson,Q16596529
HenricaCarolinavonPlaten,Q16616025
GerdaKjellberg,Q16946303
JohannaBrunsson,Q18237907
AinaWifalk,Q18274917
ElinLauritzen,Q19946455
AnnaLisaAndersson,Q19966865
AmandaHorney,Q19976600
AlmaPetri,Q19976935
GunnyLarsson,Q36547020
SigneEkblad,Q38774453
AmaliaRedec,Q45291626
IngerWedborn,Q50512434
AnnaSorensen,Q50680597
ValborgSvensson,Q50801709
IngegerdLevander,Q50841591
LilianHultin,Q50850332
BenedictaLager,Q50885321
AnnieKoch,Q50885723
StinaFagerskog,Q50886412
MettaLillie,Q50950987
AnnaLutteman,Q50951050
IngaLowdin,Q50951059
GretaGarbo,Q5443
MargaretaValdemarsdotter,Q202266
AnnaLindh,Q208591
BirgitNilsson,Q233951
Margaretadrottning,Q239443
MarianneFredriksson,Q242166
LindaHaglund,Q269711
ViviAnneHulten,Q270060
KristinaNilsdotterGyllenstierna,Q438481
AnnBrittLeyman,Q439965
EmilieFlygareCarlen,Q450832
MariaWine,Q468597
GunnelLinde,Q469659
StinaAronson,Q517360
HannaRydh,Q517947
MargaretaBrahe,Q526343
MallaSilfverstolpe,Q546949
AnnaChristinaWarg,Q730516
BritaMalmer,Q918017
EstridEricson,Q1370606
TuttaRolf,Q1775388
WilhelminavonHallwyl,Q2576159
KataDalstrom,Q3844486
AstriTaube,Q4811407
GertrudAdelborg,Q4933813
OttiliaAdelborg,Q4933819
FannyAlving,Q4935357
BritaLenaAndersson,Q4935769
ElsaBjorkmanGoldschmidt,Q4939322
BarbroAgnetaBackstrom,Q4941467
ElmaDanielsson,Q4944184
ElisabethDjurleOlander,Q4944919
BettyEhrenborgPosse,Q4945888
BritaafGeijerstam,Q4949726
BedaHallberg,Q4952135
HildaOlssonKerstinHed,Q4953072
ElisabetHermodsson,Q4953755
LisaHogelin,Q4955405
BarbroHorberg,Q4955491
LottenvonKrmer,Q4959699
UllaLindstrom,Q4963023
EmmaLundberg,Q4963955
GerdMiller,Q4967358
HildurNygren,Q4970543
VeronicaNygren,Q4970554
StinaQuint,Q4973779
EvaRodhe,Q4975175
AnnaMariaRoos,Q4975368
SigridHilmaSofiaRudebeck,Q4975810
EllenRydelius,Q4976087
ViranRydkvist,Q4976143
AnnaSjodahl,Q4978903
AlexandraSkoglund,Q4979129
AnnaStenberg,Q4980230
StinaStenhagen,Q4980306
RuthStjernstedt,Q4980550
UlrikaEleonoraStalhammar,Q4981107
ElisabethTamm,Q4981979
ViviTackholm,Q4983741
BrittWadner,Q4990051
LydiaWahlstrom,Q4990100
UlricaWidstrom,Q4990478
AnnieAkerhielm,Q4991040
ToraGarmFex,Q16007387
AnnikaBaude,Q16158243
MathildaHall,Q16595031
VanjaLantz,Q16595567
IngeborgWalin,Q16616041
MargaretaEkarv,Q17331546
DicteSjogren,Q18245813
CarolineGother,Q18913272
IngridSamuelssonForsen,Q19246513
AnnaSoderblom,Q19976178
IngegerdAschan,Q19976215
EzalineBoheman,Q19976305
EsterBoman,Q19976321
KarolaPalsson,Q20156178
AnnaWarburg,Q20979864
AmandaBeatrizPeralta,Q21480900
LottenEkman,Q22341161
GunnelHazeliusBerg,Q23303942
EbbaDelaGardie,Q23988635
ViviSylwan,Q23989149
BeatriceLesslie,Q23989454
IngeborgKristinaKastman,Q30026157
TyraWadner,Q50512397
GretaGiadda,Q50512403
MargaretaWadstein,Q50512427
MartaStenbeck,Q50680692
BeritBergvonLinde,Q50804551
AmaliaPlanck,Q50804898
CeciliaJonsdotter,Q50805084
RigmorvonEuler,Q50805087
AlmaAbrahamsson,Q50806808
AlvidaSandberg,Q50812983
CatherinedeSienneCottin,Q50825442
OlgaHerlin,Q50850524
KristinaPetri,Q50874004
MajaLisaFurusjo,Q50878720
RonnyJohansson,Q50950081
IrjaBrowallius,Q128421
MariaGripe,Q234373
SigridHjerten,Q272405
DagmarLangeMariaLang,Q274371
HilmaafKlint,Q436267
GunnelVallquist,Q442031
EbbaBrahe,Q452243
IngaGentzel,Q462273
ElsaAndersson,Q467306
Annaprinsessa,Q469783
AnnaRiwkinBrick,Q563086
AstridAhnfelt,Q750520
SonjaWigert,Q964609
KarinAndersson,Q1727737
AnnaAgriconia,Q2578595
MarthaAdlerstrahle,Q2739101
SunAxelsson,Q3297041
GotaPettersson,Q3365440
MargaretaHuitfeldt,Q3430792
KarolinaWiderstrom,Q4110625
SophieAdlersparre,Q4346827
BrittGHallqvist,Q4354430
AnnaFickesdotterBulow,Q4766894
AnnaCharlottaSchroderheim,Q4766913
AnnaWestberg,Q4767608
AnnaAhlstrom,Q4934561
ErikaAittamaa,Q4934659
HerthaBengtson,Q4938101
JeanetteBerglind,Q4938498
SonjaIngeborgBergvall,Q4938729
ThoryBernhards,Q4938800
OlgaBjorkegren,Q4939281
HilmaBorelius,Q4940074
MarthaBrydolf,Q4941040
MalvinaBrakenhielm,Q4941084
RosaCarlen,Q4941859
ToraDahl,Q4943930
MajaEkelof,Q4946066
LokaEnmark,Q4946842
LisaEurenBerner,Q4947309
KarinFjallbackHolmgren,Q4948228
JaneGernandtClaine,Q4949903
SigneHebbe,Q4953051
HonorineHermelin,Q4953745
MarianneHook,Q4955523
LisbetJobs,Q4956744
MollyJohnson,Q4957179
TyraKleen,Q4959059
TheklaKnos,Q4959294
WillyMariaLundberg,Q4963988
AliceLyttkens,Q4964458
LouisePetrenOverton,Q4972667
SaraPfeiffer,Q4972809
MarthaSandwallBergstrom,Q4976968
MargaretaSlots,Q4979257
UllaStenberg,Q4980268
KarinStjernholmRder,Q4980538
SofiaSvensson,Q4981543
ToraNordstromBonnier,Q4989376
VivekaStarfelt,Q4989780
JosefinaWettergrund,Q4990400
AgdaOsterberg,Q4991160
SophieBolander,Q13422290
HildegardBjorck,Q14916433
MartaBerendes,Q15221084
MariaLindeberg,Q16595640
IdaThoresen,Q16596588
GertrudGrenanderNyberg,Q16602155
MajaBraathen,Q18237847
AmaliaJonsson,Q18243169
IngeborgLundin,Q18244115
HedwigSidner,Q18245758
AliceBonthron,Q19365509
SuzanneSandberg,Q22133288
DagnyArbman,Q22696870
IngerEkdahl,Q24303803
EvaMagdalenaOxenstierna,Q26240160
AlmaHaag,Q28922179
BettyJanson,Q38283505
KerstinNordendahl,Q38883041
AugustaPlagemann,Q42178154
JuliaBrinck,Q47067944
BirgittaBergquist,Q48628201
BirgittaIngvaldsdotter,Q50377583
CharlotteBerlin,Q50377584
HelenaWesterlund,Q50512400
LissieAstrom,Q50512402
AmandaHammarlund,Q50512428
MariaOsberg,Q50512433
IngaThelander,Q50512452
EvaPineus,Q50598829
AnnaSarstrom,Q50680607
ElisabethvonBahr,Q50804780
EstherLamm,Q50804820
CeciliaFrancke,Q50804859
MajBrittInghe,Q50804896
BarbroJansson,Q50804902
SylviaGibson,Q50841651
KlaraLindh,Q50926751
SigridPosse,Q50938098
UllaJacobsson,Q24842
Teresiaprinsessa,Q61911
LauraMarholm,Q89768
HedvigEleonoradrottning,Q161322
AnnMariFalk,Q185743
Desideriadrottning,Q211749
IngridThulin,Q233732
MaiZetterling,Q236656
KarinBoye,Q237413
AnneCharlotteLeffler,Q243068
LenaNyman,Q255967
BirgittaTrotzig,Q259238
FredrikaBremer,Q262145
ElisabethSoderstrom,Q269242
SveaNoren,Q269804
AnnaLindhagen,Q293284
LeaAhlborn,Q434685
ElisabethHesselblad,Q435384
GretaJohansson,Q455134
LinaSandellBerg,Q457339
ElsaBeskow,Q466623
KarinSoder,Q468538
GunnelBeckman,Q521578
ElisabethAnrepNordin,Q988871
JaneGylling,Q1810898
GerdaBoethius,Q4939762
ElinBrandell,Q4940406
FriggaCarlberg,Q4941831
AnnaCasparsson,Q4942160
JulieEkerman,Q4945650
EbbavonEckermann,Q4945651
LauraFitinghoff,Q4948162
ElsaFougt,Q4948629
SigridGillner,Q4950085
BirgittaHammar,Q4952369
MajkenJohansson,Q4957057
GunnelJonang,Q4957384
AmandaKerfstedt,Q4958590
JohannaLohm,Q4963436
BrittMogard,Q4967758
AnnaMargaretavonBragner,Q4967899
GertrudMansson,Q4968671
ValborgOlander,Q4970887
HannaOuchterlony,Q4971537
ChristianaOxenstierna,Q4971580
ValfridPalmgrenMunchPetersen,Q4971784
SophieRibbing,Q4974655
EbbaRichert,Q4974744
MargaretaElisabethRoos,Q4975383
MathildaRoos,Q4975387
KarolinaMatildaGunhildRosen,Q4975448
MargitSahlin,Q4976492
StinaSundberg,Q4981215
GardaSvensson,Q4981510
UllaTillander,Q4982841
LisAsklund,Q4987085
IngaEhrstrom,Q4988383
JeanetteGranberg,Q4988588
EsterLutteman,Q4989126
HertaWiren,Q4990649
AnnaMariaZetterstrand,Q4990920
AnnaLisaOstLappLisa,Q4991149
MartinaBergmanOsterberg,Q4991163
UllaEhrensvard,Q11899441
UlrikaFredrikaBremer,Q14191246
BeataRosenhane,Q15713810
BirgittaSahlgren,Q16285614
JeannaFalk,Q16594788
IngeborgSchager,Q16596290
MariaStenkula,Q16596421
ElsaCollin,Q17351645
EmyEk,Q18238535
FreddaHammar,Q18242272
HenrikaWidmark,Q18649250
BritaElisabetGabriellaBarnekow,Q22690103
AnnaGronfeldt,Q23989243
ViviHorn,Q37016024
AugustaGeorginaCeciliaOlsson,Q42780970
IngeborgWikander,Q50512429
CarolineWijk,Q50512430
EbbaTheorinKolare,Q50512443
ElsaStenudd,Q50660030
BirgitSpangberg,Q50680760
MaudAdlercreutz,Q50800586
EdithKlarin,Q50803502
ElinTeresiaAndreaSvensson,Q50804221
LisaEkedahl,Q50804814
LenaPersson,Q50804832
EllenErup,Q50805071
MariaAndersson,Q50808550
CarolaEneroth,Q50809177
DisaBeijer,Q50810977
ElsaBengtsson,Q50841810
ElsaGafvelin,Q50846999
CatharinaNilssonGehlin,Q50847470
GothildaFurstenberg,Q50855442
EmyFick,Q50873860
AgdaNordlof,Q50874747
AlmaNorsell,Q50950890
SophiaWilkens,Q52222523
MariaJanssonKisaMor,Q3307884
IngridSegerstedtWiberg,Q3379728
EvaMoberg,Q3893031
UllaIsaksson,Q4003080
UllaBillquist,Q4086733
VivicaBandler,Q4412285
AnnMargretHolmgren,Q4766181
AstridCleve,Q4811427
BerthaWellin,Q4895524
GretaAdrian,Q4933970
EvaAnden,Q4935571
JuliaBeck,Q4937863
FannyBlomberg,Q4939591
JohannaHeden,Q4940309
EvaBrag,Q4940356
AmelievonBraun,Q4940516
EmanuellaCarlbeck,Q4941825
ElsaCedergren,Q4942382
HenrietteCoyet,Q4943536
ElsieDahlberg,Q4943958
AstaEkenvall,Q4946082
SigridElmblad,Q4946539
ElsaEwerlof,Q4947351
AmaliaFahlstedt,Q4947447
EllenFries,Q4948980
EliseFrosslind,Q4949179
AuroraLjungstedt,Q4949843
IdaGranqvist,Q4950789
RuthGustafsson,Q4951481
RuthHallden,Q4952158
RuthHamrinThorell,Q4952454
BertaHansson,Q4952582
EllenHartmanCederstrom,Q4952850
SonyaHedenbratt,Q4953107
KerstinHesselgren,Q4953847
KarinJohannisson,Q4956830
KlaraJohanson,Q4956862
MargaretaKjellberg,Q4958964
GretaKnutsonTzara,Q4959262
ElisabethKuylenstiernaWenster,Q4960199
ZeniaSzajnaLarsson,Q4961191
HenrikaJulianavonLiewen,Q4962097
GretaLinder,Q4962631
HarrietLowenhjelm,Q4964675
MartaMaasFjetterstrom,Q4968715
BarbroNilsson,Q4969569
IdaNilsson,Q4969624
OliviaNordgren,Q4970006
ElsaNyblom,Q4970522
BirgittaOden,Q4970779
RosalieOlivecrona,Q4970956
EbbaPauli,Q4972095
AstridPettersson,Q4972717
ElinPikkuniemi,Q4972943
StinaPiper,Q4973002
GerdaPlantingGyllenbaga,Q4973072
SylviaMarieLouiseRamnefalk,Q4973981
EbbaRamsay,Q4973995
SaraRantaRonnlund,Q4974055
GotaRosen,Q4975451
IngridSchrewelius,Q4977550
LiaSchubert,Q4977579
AmandaSidwall,Q4978495
EvaSkold,Q4979225
FridaSteenhoff,Q4980157
CarolinaWilhelminaStahlberg,Q4981102
InezSvensson,Q4981514
GunhildTegen,Q4982233
LisaThomassonLappLisa,Q4982558
IdaGawellBlumenthal,Q4988547
MariaKatrinaKarinStenberg,Q4989785
HenrietteWiderberg,Q4990467
TollieZellman,Q4990897
EvavonZweigbergk,Q4990973
EvaAsbrink,Q4991077
IngridMargaretaAlmqvist,Q16157512
HannaBratt,Q16164621
LiliKaelas,Q16595401
EugenieBrummer,Q16945153
MathildaLundberg,Q16946324
SallyHogstrom,Q18242804
AnnaMargaretaAnnaGretaStahle,Q19803539
LouiseUlfhielm,Q19976182
ChristineMalmstromBarke,Q19976756
GunnelNorellSoderblom,Q19976858
IngridNorlander,Q19976860
GertrudRodhe,Q19976999
GerdaSprinchorn,Q20156198
MargitAlthin,Q20906972
WilhelminaWendt,Q22086093
AnnaBaner,Q22670927
MartaafEkenstam,Q22923004
HenrietteSjoberg,Q23989411
AnnaGustafson,Q24019416
MaudFredinFredholm,Q26835806
AnnaSigneSofiaBrunnstrom,Q28869681
JudithKarlander,Q42296510
AstridLjungstrom,Q49520708
MartaBucht,Q50368769
KarolinaSjalander,Q50680558
Dorotheadrottning0,Q61873
AmaliavonHelvig,Q69439
Ingeborgprinsessa,Q234033
BeritElisabetBibiAndersson,Q234921
Filippadrottning,Q235447
SigridStorrada,Q242746
BarbroMargaretaEriksdotterHiortafOrnas,Q247626
AinoTaube,Q406085
AmaliaEuphrosyneLindegren,Q452896
IngridLuterkort,Q460491
AliceTegner,Q462879
IngeborgHakansdotter0,Q467530
RuthAstaSvedberg,Q467547
GunillavonBahr0,Q2133442
SofiaEriksdotterdrottning,Q2321295
Sofiaprinsessa0,Q2618045
GerdaHojer0,Q2744062
LovisaAugusti,Q3025341
HelenaSnakenborg,Q3366533
MiaBerner,Q4353820
IngelaMargaretaAbrahamsson,Q4934131
GunnelMariaAhlin,Q4934509
KarinAhrland,Q4934607
HarrietAlfons,Q4934967
MargaretaAlstromer,Q4935295
JohannaMargaretaAnkarcrona0,Q4935548
AstriAndreaKristinaAndersen,Q4935624
MariaKarinaCarinaViktoriaArideMoltzer,Q4936436
LillemorMajArvidsson,Q4936679
EbbaGustavaAugustaAtterbom,Q4936937
EvaBagge,Q4937272
AnnaElisabethAlbertinaBergstrandPoulsen,Q4938650
EmmaMariaPaulineBrunius,Q4940969
EvaCharlottaCarolinaLottenDahlgren,Q4944000
GorvelFadersdotterSparreavHjulstaochAngso0,Q4947389
MargitFriberg,Q4948917
AnnaCeciliaFrisendahl,Q4949002
KarinFryxell,Q4949105
SophiaEmiliaEmmaFurstenhoff,Q4949310
MarthaFredriqueGahn,Q4949383
SelmaGiobel,Q4950158
IngaThyraCarolaGrafstrom,Q4950609
AgnesCeciliaCillaIngegerdIngvar,Q4955780
AnnaJohanssonVisborg,Q4957121
KatarinaKarinBengtsdotterGylta,Q4958283
KatarinaKarinMargaretaElisabethMolander,Q4967830
VeraNordin,Q4970049
MargarethaEmerentiaNordstromMargaretaNylander,Q4970575
CamillaOdhnoff,Q4970788
DeboravanderPlas0,Q4973074
IsaQuensel,Q4973757
StinaSandels,Q4976863
KidSeverin,Q4978138
LovisaSimson,Q4978721
MargitMariaSiwertz,Q4978802
HedvigEleonoraStenbock,Q4980276
UlrikaSophiavonStrussenfelt,Q4980866
SigridSture,Q4981039
StinaSundell,Q4981227
HarrietSundstrom0,Q4981273
KristinaSvantesdotterSture,Q4981388
RebeckaSvensson0,Q4981536
AldaTulliaBjornsdottervonSydow,Q4981674
KerstinSignildTunving,Q4983617
MargueriteViby,Q4984538
AstridVaring,Q4984923
CharlotteWeibull,Q4990250
CarolinaWeltzin,Q4990278
LailaWestersund,Q4990381
MargotWikstrom,Q4990540
AgnetaWrede,Q4990743
LiliZiedner,Q4990939
TeklaAberg,Q4990999
IngaAlenius,Q4991061
BeataCarolinaOstberg,Q4991155
NanIngerIwosdotterOstman,Q4991190
IngeborgWrnBugge,Q16322530
EdithMariaFischerstrom,Q16594812
BritaRosladin0,Q16596214
ElinSundberg,Q16596504
MajVilmaArnell,Q18237377
MargaretaGretaViolaWieselgren,Q18627133
KarinAdamsson,Q20873812
CarinRagnhildAx,Q26213489
IngridMargaretaArfelt,Q30331245
KajsaVilhelminaRootzen,Q42010397
FloryGate,Q50803162
HildurLundberg,Q50803736
JuliaAurelius,Q50804708
AnnaCatharinaBerlin,Q50804735
MariaSandstrom,Q50804754
VeraAlexandrova,Q50804848
InaAlmen,Q50808049
ChristinaNilsson1,Q50809164
AlidaKnos,Q50809167
RuthBrandberg,Q50822154
RagnhildBrolinson,Q50926566
ElsaKristinaSkaringerLarson,Q57081604
MartaTammGotlind,Q59421922
MargaretaVilhelminaGretaBeckius,Q63247022
BlankaavNamur0,Q242598
ElisabethOlin,Q271813
MajBrittNilsson,Q460935
IngerMargaretaBerggren,Q508614
LizzyLindafHageby,Q510439
Elisabetprinsessa0,Q654753
BarbroAnnaElisabetKollberg,Q790318
AurorevonHaxthausen,Q1195436
MarieBaptiste,Q3292377
ElsaKristinaStinaBergman,Q3499513
EbbaGustavsdotterStenbock0,Q4353330
JuliaMariaVilhelminaCsar,Q4353949
KarinSofiaJuel,Q4581296
AnnaMariaRuckerschold,Q4767312
BasiaFrydman0,Q4866920
ChristinaCharlottaUlrikaBerger,Q4938400
AstridBerwald,Q4938871
AnnaBilling0,Q4939039
MandaBjorling,Q4939355
LouiseLillMarieBlombergRolf,Q4939592
KristinaBorg,Q4940099
AnnaBranzell,Q4940458
ElisabethBroms,Q4940790
AnnIdaBrostrom,Q4940836
CatharinaBroms,Q4941089
HelenaLenaBorjeson,Q4941548
MariaOctaviaCarlen,Q4941855
LenaDahlman,Q4944041
CeciliaBlancheCharlotteDickson,Q4944795
SivEricks,Q4946907
AmaliaEriksson,Q4946984
AstridMargaretaForsberg,Q4948493
MarieLouiseafForsell,Q4948525
VeraElisabethFrisen,Q4949000
IrjaKerstinFrykstrand,Q4949094
MariaMiaAmaliaGreen,Q4950863
EbbaMarianneGreenwood,Q4950886
ElnaHansson0,Q4952597
GurliFridaOscariaHertzmanEricson,Q4953812
MajaJaderinHagfors,Q4957626
EbbaAstridBeateSophieAxelsdotterLindeKlinckowstromvonRosen,Q4959114
ThyraKullgren,Q4960107
UlrikaKullgren,Q4960110
AnnaSophiaLangWolseley,Q4960773
FredrikaCatharinaLimnell,Q4962236
IngerGunvorLindquist,Q4962867
MargitManstad,Q4965472
LappkvinnanMargareta0,Q4965568
EbbaJeanetteMorman,Q4968158
EbbaMansdotterLilliehook0,Q4968661
EvaLydiaCarolinaNeander,Q4969069
AnnaSofiaNilsdotter,Q4969501
MargitAmaliaPalmr,Q4971744
KarinParrow0,Q4971970
ChristinaMargarethaRahm,Q4973914
MathildaRanch,Q4974025
MettavonRosen,Q4975464
WandaRothgardt,Q4975687
AnnaSahlstrom,Q4976498
CatharinaElisabethKijk0,Q4988599
ChristinaReginavonBirchenbaum,Q11855303
CharlottaFrolich0,Q13565189
GunillaJohansdotterBese,Q14122075
HarrietClayhills0,Q16169058
AnnaMargaretaGretaBolin,Q16503761
BritaSofiaHesselius0,Q16595163
AnnaKlemetsdotterHogenskild0,Q16595197
EvaHokerberg,Q16595287
AnnaBohlin,Q16946235
JaneLundblad,Q16946326
AnnaClaraRomanusAlfven0,Q16946439
EllinorGunnelAstriElisabetTaube,Q16946459
GerdaMarcus,Q17370394
MariaRibbing,Q18638977
AnnieBergman,Q19976239
SigneMariaJansson,Q22696931
AnnaMargaretaGretaHolmgren,Q22811575
HjordisLindCampbell,Q22957940
EllenDahlberg0,Q23917759
EvaUpmark,Q23988983
AugustaJansson0,Q23989021
DagmarSigneAlexandraCronn,Q24845309
EvaKarolinaBeve,Q26240450
LouiseLisaBianchini,Q26240456
ElsaBjorkLiselius,Q26240520
CarolinaChristiansson0,Q27632438
HildaHenriettaAhnfelt,Q28653868
NannyPalmkvist,Q31664751
MariaRieckMuller,Q31887865
HelmyViolaHansson,Q60656466
MariaLundback,Q63870781
BerthaHubner,Q63870788
LillyHannaTurinnaArrheniusBeyer,Q64842253
LisaRolf,Q71259399
ElisabethKreyLange,Q86365162
SiriOhngren,Q87651395
AmandaAdler,Q87721084
JohannaMariaAndersson0,Q88377220
IngerBirgittaViolaAndresenBibbiAnder,Q88380223
JuliaCharlottaHenrikavonBahr,Q88381056
SofiaFranciscaStading,Q95363
FredrikaDorotheaWilhelminadrottning,Q234241
BarbroSvenssonLillBabs,Q285351
AnnaQNilsson,Q434466
SigridArnoldson,Q2708137
AnnaLisbethChristinaPalme,Q2741142
FadimeSahindal,Q2748869
ChristinaCharlotteCederstrom,Q2965864
MajKerstinBylock,Q3438382
AnnaPalmdeRosa,Q3631503
AinaLenaLenaBerniceSvedberg,Q3830162
AnnaMichelsdotterRagel,Q4357139
RagnviTorslowLundgren,Q4461329
AinaErlander,Q4697374
AliceTrolleWachtmeister,Q4726132
AnnaMariaViktoriaHofmannUddgren,Q4767086
AnnaSofiaSevelin0,Q4767491
RutMariaAdler,Q4933887
AnnCharlotteAlverfors0,Q4935335
KarnaAsker,Q4936776
IngaBagge0,Q4937273
IngaMariaBorg,Q4940095
AugustaWilhelminaBrandes,Q4940417
CeciliaBaathHolmberg,Q4941515
ElsaCarlsson,Q4941942
AinaCederblom0,Q4942353
MonikaMarianneMokiCherry,Q4942686
SaraMariaDanius,Q4944209
EmerentiavonDuben,Q4945505
ViraEklund,Q4946138
MargitSolvigDorotheaTheaEkstrom,Q4946227
ChristinaWilhelminaEnbom,Q4946670
EvaEngdahl,Q4946712
NinavonEngestrom,Q4946755
AnnaAuroreLeonidaGrandien,Q4950730
GurliMariaBergstromKaiGullmar0,Q4951323
AnetteHasselgren,Q4952891
LinneaHillberg,Q4954017
AgdaHolst,Q4954653
ThoraDardel,Q4959111
AnnaMargitGustafvaLagerheimRomare,Q4960531
BirgitMariaMagnusson,Q4975150
MartaPernillaElisabethTunberger,Q4983599
SofiaLovisaLouiseArosenius,Q4987047
MariaQvist,Q4989528
AnnaSigneRosalieWraner,Q4990735
HilleviCallander,Q15965239
IngeborgFredrikaBjorklund,Q16162976
UllaBirgittaEsonBodin,Q16594749
SaraHolmsten,Q16595215
EthelGunhildRingborgWiklund,Q16616117
GunhildAlmen,Q18237192
ElsaDansonWaghals,Q18274990
AnnaElisabetVilhelminaHasselbergOlsson,Q18747114
MonaSkagerfors,Q20823527
BirgittaAlexius0,Q20901685
SuzanneBonnier,Q23915484
GerdaCederblom0,Q24680890
IdaSchmidt,Q24681402
StellaFalknerSoderberg,Q24681424
CatharinavonBerchner0,Q26240129
AnneMarieElvius,Q26835701
LydiaSkottsberg,Q29549828
MargitMabelGeorginaAlbins,Q43261862
AinaRietz,Q50967615
EbbavonEckermann0,Q56301940
BritaBrilioth,Q64711437
ReginaBeckFriis,Q87345373
NinaAmandaConstantiaBennerAnderson,Q89652092
MargaretaAxelsdotterBerger,Q89656884
SigridMagdalenaLovisaBjorkegren,Q89663370
EmmaAndelius0,Q92268804
SusanneBjorkman,Q96621163
WilhelminaSofiaAcrel,Q96679512
AlvaNordberg,Q96679555
AmelinaSterky,Q96679560
AnnaAlidaTheresiaNilsson,Q96679645
AlfaSofiaOlsson,Q96694766
AnnaAlinBosson,Q96694786
AnnaFischerstrom,Q96738842
AnnaIngeborgBosson,Q96754605
SigneBotildaBossonAlin,Q96754657
AnnaKaijser,Q96759189
AnnaKatharinaEkberg,Q96792454
AnnaSvantesdotterSture,Q96868353
AntaRyman,Q96869306
AstaSveaMatildaOstenius,Q96869603
EvaLauraKatarinaBlomberg,Q96970473
MagdaBoalt,Q96970535
SonjaFredgardh,Q97013129
LovisaEkenmark,Q97446849
BarbroHeleneBolonassos,Q98113598
CeciliaBengtsdotter0,Q98150229
MajvorSnare0,Q98442680
HennyFredrikaTegstrom,Q98456246
IdaKarolinaTelland,Q98456269
SigridUlrikaUllaWeebe,Q98456347
AugustaWastfelt,Q98456385
CeliaAdler,Q98528623
FridaPallin,Q98528656
GertrudSaraFridh,Q433799
UllaElisabetTrenter,Q434219
KabiLaretei,Q438786
JennyHasselquist,Q496081
SophiaIsberg,Q530565
AstridMariaMaryJohnson,Q534569
OlgaMilles,Q1727816
ElsaMariannevonRosen,Q3051704
BirgittaValberg,Q4347097
JohannaHard,Q4504882
ClaraAuroraLiljenroth,Q4822566
BettyLinderoth,Q4898894
EddieFigge,Q4948018
ValborgFranchi,Q4948674
BeatriceGlase,Q4950213
EllenHelgaLouiseHagen,Q4951933
HannaHammarstrom,Q4952412
EllaBerthaAmaliaHeckscher,Q4953065
ElliHemberg,Q4953537
HelenaMariaHenschen,Q4953656
MalinHolmstromIngers,Q4954648
MarieLouiseIdestamBlomberg,Q4955558
AstridMargaretaKristensson,Q4959880
SigridKruse,Q4960021
HedvigGustavaAvaLagercrantz,Q4960509
MathildaLanglet,Q4960837
NinaLanglet,Q4960840
MarthaLarsson0,Q4961132
CharlotteLindmark,Q4962858
IdunLoven,Q4963710
MargaretaJohansdotter0,Q4965637
KaisaBritaMelanton,Q4966926
SiriLisenMeyer,Q4967144
GretaMolander,Q4967827
UllaMurman,Q4968434
BrittIngaMarieNilsson,Q4969627
RagnhildLailaLillemorOhlgren,Q4970827
MarthaOhlson,Q4970838
EwyMatildaPalm,Q4971728
GunillaPonten,Q4973237
LouisePyk,Q4973666
HannahRyggen,Q4976177
MariaSchildknecht,Q4977385
HjordisGunborgSchymberg,Q4977710
LisaSteier,Q4980182
GabyStenberg,Q4980247
LisetteStenberg,Q4980255
FredrikaStenhammar,Q4980313
KarinSwanstrom,Q4981607
HildaThegerstrom,Q4982446
EllenAnnaMariaAnnikaTretow,Q4983324
AnnaBirgittaTullberg,Q4983587
EmiliaEmilieMariaSaraSofiaUggla,Q4983877
IngaBodilVetterlund,Q4984525
AuroraAmaliaEiraMariaHellberg,Q4988696
JuliaHakansson,Q4988780
FannyAmaliaWesterdahl,Q4990365
MarianneZetterstrom0,Q4990924
KarenMargreteMariaLuluZiegler,Q4990942
GerdaJohanneHellandGrepp,Q5550482
ElsaKarolinaSvenssonSanfridsson,Q10481951
ElsaBritaMarcussen,Q11967234
ThoraAlfhildaEvelinaWigardh,Q15734554
EdithLindblom,Q16595632
ReginaOttoniePallin,Q16596050
EmmaSchenson,Q16596302
KarinStolpe,Q18246118
CeciliaUlfsdotter0,Q19842241
SigneSohlman0,Q20156197
HildaFredrikaHeyman,Q21289106
SophiaChristinaLilliestierna0,Q22337620
TeresiaThereseKamph,Q22337760
UllaFogelklouSkogh,Q23988496
EliseSahlqvist,Q23989020
HilleviStenhammar,Q24681005
KristinaStinaLovisaSwartling,Q24681445
GerdaHoglund0,Q25929814
FridaElisabethPalmer,Q25933195
BrittIngridMargaretaLundbohmReutersvard,Q28025703
AnnaThulin,Q28357357
KarinKajsMariaTidholm,Q31685332
BarbroHjalmarsson0,Q43550127
AstridRagnarsdotterSohlmanNyblom,Q44005521
MariaZoega,Q51031404
SaraHerwegh0,Q57339629
CorneliaHall0,Q57339639
LauraAdolfinaFahrus,Q58070479
MajGertrudKullenberg,Q60061820
GretaIreneSegerson,Q61767087
EbbaHultqvist,Q64698144
SigneGustafsson,Q66459459
MazahrMakatemele,Q73956245
CillufOlsson0,Q77935947
EmmaMargaretaIsabellavonKonow,Q94765106
LycheSophiaFriis0,Q97390713
HenrikaCharlottaTornberg,Q97391422
AurorePihl,Q98087736
EsterElviraNilsson,Q98538521
HedvigGustafvaHolmstrom,Q98555854
EsterNilsson,Q98594790
Annadrottning,Q161133
AlbertinaFredrikaIkaPeyron,Q1195141
LottenEdholm,Q4945709
EvaFroberg,Q4949121
RutHolm,Q4954469
MartaLindqvist,Q4962906
MarianneLindsten,Q4962945
IdaElisabethMatton,Q4966391
LouiseMichaeli,Q4967178
EvaRamstedt,Q4974012
IdaKristinaNilsson,Q4976500
ClaraNataliaTeresiaEuren,Q4988449
KerstinBirgittaNordenstam,Q4989368
HildaAugustaTonning,Q4989911
SaraWennerbergReuter,Q4990297
CarinWastberg,Q4990774
IngaAberg,Q4990991
BritaAkerman0,Q4991044
JohannaJeannaElisabethAkerman,Q4991045
LydiaHedberg,Q6707632
IngaStinaEwbank0,Q15451929
AidaMargaretaTornell,Q16467608
GretaHammarsten,Q16946278
SigneSalen,Q16946443
HedvigIndebetou,Q18242858
KristinaStinaMariaRodenstam,Q18245437
GallieAkerhielm,Q18275056
KarinGunnelIngegerdEriksson,Q19975954
MajGunnelSamzelius,Q21065195
IdaAmaliavonPlomgren,Q23989215
WendelaLovisaUlrikaAnderssonFalck,Q24680682
EsterGill,Q25929722
PetronellaNellyLaurentiaKrook,Q29886177
MariaWidebeck,Q33043583
MathildaNaumann,Q33133977
SigridSynnergren,Q42304357
LisbethRenner,Q53594431
HannaEstridTenggren,Q53614296
KerstinMargaretaTovi,Q53615791
AsaHolmsen,Q55178452
AnnaAfelt,Q97391335
MarnaNilsdotter,Q97391439
BengtaEskilsson,Q97483170
MariaCathrinaAndren,Q98528624
HilmaKristinaBorjesson,Q98528625
EllenBortz,Q98528626
JannyLisaClason,Q98528627
SelmaKristinaColliander,Q98528628
ElisabethDeVylder,Q98528629
MarjaEntrich,Q98528630
FejanForsslund,Q98528631
SelmaGerdin,Q98528633
IngridEmelieGottfries,Q98528635
HelgaHansander,Q98528636
JuditHanson,Q98528637
GunniHermelin,Q98528638
BirgitHerngard,Q98528639
LinaHjort,Q98528640
SofiaHolmgren,Q98528641
MajBrittaPiaHardafSegerstad,Q98528642
ValborgInnama,Q98528644
JudithOliviaJohansson,Q98528645
EsterKlingberg,Q98528646
ElfriedeKolbeDobrowolny,Q98528647
EstridAnnaLisaLagby,Q98528648
LovisaHannaHenricaLillieLandgren,Q98528649
EllenAnnaSofiaLofmarck,Q98528650
ValborgMansdotterFrisk0,Q98528651
VenClaraMartinaNyberg,Q98528653
HannaOdhner,Q98528654
ThoraOhlsson,Q98528655
HildaPenningtonMellorMunthe0,Q98528657
EstherMarthaBrynhildaPerssonHenning,Q98528658
LottenvonPlomgren,Q98528659
MartaElisabetRindeRamsback,Q98528660
KajsaRothman,Q98528661
JosefinaRydholm,Q98528662
MargarethavonSchwerin,Q98528663
GertrudSchylBjurman,Q98528664
LeonildaMariaElesaraLovisaSjostrom,Q98528665
BrittaAnnaIngegerdTingdal,Q98528666
SusanneWassonTucker0,Q98528667
AnnaBjorling,Q98531468
BirgittaNoren,Q98532789
MartaPalm,Q98533547
IngerAdaminaWaldau0,Q98534043
AlmaAndersson,Q98684599
IngridGamstorp0,Q98718027
IngaBrittFredholm,Q98801372
MargitBergendorff,Q98801384
MimmiCeciliaElisabethEkholm,Q98801409
BrithaSundstrom0,Q98841458
MariaLovisaFolkeson,Q98841779
BirgitCarell,Q98842875
BarbroKerstinElisabetSoderberg,Q98894908
AnnSofiSchotteLindsten,Q99035949
HilmaMariaHofstedt,Q99186528
ElinPersson,Q99199109
EllenTerserus,Q99342659
CeciliaAnderson,Q99428948
